Names, ID 
0.jpeg,0
1.jpeg,0
100.jpeg,0
101.jpeg,0
103.jpeg,0
106.jpeg,0
107.jpeg,0
109.jpeg,0
11.jpeg,0
111.jpeg,0
112.jpeg,0
113.jpeg,0
114.jpeg,0
116.jpeg,0
117.jpeg,0
118.jpeg,0
119.jpeg,0
12.jpeg,0
121.jpeg,0
122.jpeg,0
124.jpeg,0
126.jpeg,0
127.jpeg,0
128.jpeg,0
129.jpeg,0
13.jpeg,0
130.jpeg,0
131.jpeg,0
133.jpeg,0
134.jpeg,0
135.jpeg,0
137.jpeg,0
138.jpeg,0
141.jpeg,0
144.jpeg,0
146.jpeg,0
147.jpeg,0
149.jpeg,0
15.jpeg,0
150.jpeg,0
152.jpeg,0
153.jpeg,0
155.jpeg,0
156.jpeg,0
157.jpeg,0
159.jpeg,0
16.jpeg,0
160.jpeg,0
161.jpeg,0
162.jpeg,0
164.jpeg,0
165.jpeg,0
166.jpeg,0
168.jpeg,0
17.jpeg,0
170.jpeg,0
171.jpeg,0
172.jpeg,0
177.jpeg,0
178.jpeg,0
18.jpeg,0
180.jpeg,0
181.jpeg,0
182.jpeg,0
184.jpeg,0
185.jpeg,0
186.jpeg,0
187.jpeg,0
19.jpeg,0
190.jpeg,0
191.jpeg,0
195.jpeg,0
197.jpeg,0
198.jpeg,0
199.jpeg,0
2.jpeg,0
201.jpeg,0
205.jpeg,0
207.jpeg,0
209.jpeg,0
21.jpeg,0
210.jpeg,0
211.jpeg,0
212.jpeg,0
213.jpeg,0
215.jpeg,0
216.jpeg,0
218.jpeg,0
219.jpeg,0
22.jpeg,0
220.jpeg,0
222.jpeg,0
224.jpeg,0
225.jpeg,0
226.jpeg,0
23.jpeg,0
230.jpeg,0
231.jpeg,0
232.jpeg,0
233.jpeg,0
234.jpeg,0
235.jpeg,0
236.jpeg,0
237.jpeg,0
238.jpeg,0
239.jpeg,0
24.jpeg,0
240.jpeg,0
241.jpeg,0
243.jpeg,0
244.jpeg,0
245.jpeg,0
246.jpeg,0
248.jpeg,0
249.jpeg,0
25.jpeg,0
251.jpeg,0
254.jpeg,0
255.jpeg,0
256.jpeg,0
257.jpeg,0
258.jpeg,0
259.jpeg,0
260.jpeg,0
264.jpeg,0
265.jpeg,0
266.jpeg,0
267.jpeg,0
269.jpeg,0
27.jpeg,0
270.jpeg,0
271.jpeg,0
272.jpeg,0
273.jpeg,0
274.jpeg,0
275.jpeg,0
277.jpeg,0
278.jpeg,0
28.jpeg,0
280.jpeg,0
281.jpeg,0
282.jpeg,0
285.jpeg,0
286.jpeg,0
288.jpeg,0
289.jpeg,0
29.jpeg,0
290.jpeg,0
291.jpeg,0
292.jpeg,0
293.jpeg,0
295.jpeg,0
298.jpeg,0
299.jpeg,0
3.jpeg,0
30.jpeg,0
300.jpeg,0
301.jpeg,0
302.jpeg,0
303.jpeg,0
304.jpeg,0
305.jpeg,0
306.jpeg,0
307.jpeg,0
308.jpeg,0
31.jpeg,0
310.jpeg,0
311.jpeg,0
312.jpeg,0
313.jpeg,0
314.jpeg,0
315.jpeg,0
316.jpeg,0
317.jpeg,0
318.jpeg,0
319.jpeg,0
32.jpeg,0
320.jpeg,0
322.jpeg,0
323.jpeg,0
324.jpeg,0
327.jpeg,0
328.jpeg,0
329.jpeg,0
331.jpeg,0
332.jpeg,0
334.jpeg,0
336.jpeg,0
337.jpeg,0
338.jpeg,0
339.jpeg,0
34.jpeg,0
340.jpeg,0
342.jpeg,0
343.jpeg,0
344.jpeg,0
346.jpeg,0
348.jpeg,0
35.jpeg,0
350.jpeg,0
351.jpeg,0
352.jpeg,0
353.jpeg,0
357.jpeg,0
358.jpeg,0
359.jpeg,0
36.jpeg,0
363.jpeg,0
364.jpeg,0
365.jpeg,0
366.jpeg,0
368.jpeg,0
369.jpeg,0
37.jpeg,0
370.jpeg,0
371.jpeg,0
372.jpeg,0
373.jpeg,0
374.jpeg,0
375.jpeg,0
376.jpeg,0
38.jpeg,0
380.jpeg,0
381.jpeg,0
383.jpeg,0
386.jpeg,0
387.jpeg,0
389.jpeg,0
39.jpeg,0
393.jpeg,0
394.jpeg,0
397.jpeg,0
399.jpeg,0
4.jpeg,0
40.jpeg,0
400.jpeg,0
401.jpeg,0
402.jpeg,0
403.jpeg,0
405.jpeg,0
406.jpeg,0
407.jpeg,0
408.jpeg,0
409.jpeg,0
41.jpeg,0
412.jpeg,0
415.jpeg,0
416.jpeg,0
419.jpeg,0
420.jpeg,0
422.jpeg,0
424.jpeg,0
425.jpeg,0
426.jpeg,0
427.jpeg,0
43.jpeg,0
430.jpeg,0
432.jpeg,0
433.jpeg,0
435.jpeg,0
437.jpeg,0
44.jpeg,0
441.jpeg,0
442.jpeg,0
443.jpeg,0
445.jpeg,0
45.jpeg,0
451.jpeg,0
454.jpeg,0
455.jpeg,0
457.jpeg,0
459.jpeg,0
461.jpeg,0
463.jpeg,0
465.jpeg,0
466.jpeg,0
467.jpeg,0
468.jpeg,0
469.jpeg,0
471.jpeg,0
472.jpeg,0
473.jpeg,0
474.jpeg,0
475.jpeg,0
476.jpeg,0
477.jpeg,0
478.jpeg,0
479.jpeg,0
48.jpeg,0
481.jpeg,0
482.jpeg,0
483.jpeg,0
485.jpeg,0
486.jpeg,0
487.jpeg,0
488.jpeg,0
489.jpeg,0
490.jpeg,0
491.jpeg,0
492.jpeg,0
493.jpeg,0
495.jpeg,0
498.jpeg,0
50.jpeg,0
500.jpeg,0
508.jpeg,0
510.jpeg,0
512.jpeg,0
513.jpeg,0
514.jpeg,0
516.jpeg,0
518.jpeg,0
52.jpeg,0
520.jpeg,0
522.jpeg,0
523.jpeg,0
524.jpeg,0
525.jpeg,0
526.jpeg,0
527.jpeg,0
528.jpeg,0
529.jpeg,0
532.jpeg,0
533.jpeg,0
534.jpeg,0
536.jpeg,0
537.jpeg,0
539.jpeg,0
54.jpeg,0
541.jpeg,0
543.jpeg,0
544.jpeg,0
545.jpeg,0
546.jpeg,0
547.jpeg,0
549.jpeg,0
55.jpeg,0
552.jpeg,0
555.jpeg,0
556.jpeg,0
560.jpeg,0
562.jpeg,0
563.jpeg,0
565.jpeg,0
567.jpeg,0
569.jpeg,0
570.jpeg,0
575.jpeg,0
576.jpeg,0
578.jpeg,0
58.jpeg,0
580.jpeg,0
583.jpeg,0
584.jpeg,0
585.jpeg,0
586.jpeg,0
590.jpeg,0
593.jpeg,0
594.jpeg,0
596.jpeg,0
599.jpeg,0
6.jpeg,0
60.jpeg,0
600.jpeg,0
601.jpeg,0
603.jpeg,0
605.jpeg,0
606.jpeg,0
607.jpeg,0
609.jpeg,0
61.jpeg,0
610.jpeg,0
611.jpeg,0
612.jpeg,0
615.jpeg,0
616.jpeg,0
62.jpeg,0
63.jpeg,0
64.jpeg,0
66.jpeg,0
67.jpeg,0
69.jpeg,0
71.jpeg,0
73.jpeg,0
74.jpeg,0
76.jpeg,0
77.jpeg,0
79.jpeg,0
8.jpeg,0
80.jpeg,0
81.jpeg,0
82.jpeg,0
86.jpeg,0
88.jpeg,0
89.jpeg,0
9.jpeg,0
90.jpeg,0
91.jpeg,0
92.jpeg,0
94.jpeg,0
95.jpeg,0
96.jpeg,0
97.jpeg,0
98.jpeg,0
99.jpeg,0
10.jpeg,1
102.jpeg,1
104.jpeg,1
123.jpeg,1
136.jpeg,1
139.jpeg,1
14.jpeg,1
140.jpeg,1
142.jpeg,1
143.jpeg,1
148.jpeg,1
154.jpeg,1
163.jpeg,1
193.jpeg,1
196.jpeg,1
20.jpeg,1
227.jpeg,1
247.jpeg,1
26.jpeg,1
268.jpeg,1
279.jpeg,1
283.jpeg,1
284.jpeg,1
287.jpeg,1
321.jpeg,1
326.jpeg,1
33.jpeg,1
345.jpeg,1
354.jpeg,1
355.jpeg,1
356.jpeg,1
367.jpeg,1
385.jpeg,1
396.jpeg,1
398.jpeg,1
411.jpeg,1
413.jpeg,1
414.jpeg,1
42.jpeg,1
436.jpeg,1
440.jpeg,1
446.jpeg,1
447.jpeg,1
448.jpeg,1
449.jpeg,1
484.jpeg,1
5.jpeg,1
502.jpeg,1
504.jpeg,1
51.jpeg,1
53.jpeg,1
530.jpeg,1
538.jpeg,1
540.jpeg,1
557.jpeg,1
571.jpeg,1
577.jpeg,1
589.jpeg,1
595.jpeg,1
602.jpeg,1
614.jpeg,1
617.jpeg,1
72.jpeg,1
84.jpeg,1
105.jpeg,2
108.jpeg,2
110.jpeg,2
115.jpeg,2
120.jpeg,2
125.jpeg,2
132.jpeg,2
145.jpeg,2
151.jpeg,2
158.jpeg,2
167.jpeg,2
169.jpeg,2
173.jpeg,2
174.jpeg,2
175.jpeg,2
176.jpeg,2
179.jpeg,2
188.jpeg,2
189.jpeg,2
192.jpeg,2
194.jpeg,2
200.jpeg,2
202.jpeg,2
203.jpeg,2
204.jpeg,2
206.jpeg,2
208.jpeg,2
214.jpeg,2
217.jpeg,2
221.jpeg,2
223.jpeg,2
228.jpeg,2
229.jpeg,2
242.jpeg,2
250.jpeg,2
252.jpeg,2
253.jpeg,2
261.jpeg,2
262.jpeg,2
263.jpeg,2
276.jpeg,2
294.jpeg,2
296.jpeg,2
297.jpeg,2
309.jpeg,2
325.jpeg,2
330.jpeg,2
333.jpeg,2
335.jpeg,2
341.jpeg,2
347.jpeg,2
349.jpeg,2
360.jpeg,2
361.jpeg,2
362.jpeg,2
377.jpeg,2
378.jpeg,2
379.jpeg,2
382.jpeg,2
384.jpeg,2
388.jpeg,2
390.jpeg,2
391.jpeg,2
392.jpeg,2
395.jpeg,2
404.jpeg,2
410.jpeg,2
417.jpeg,2
418.jpeg,2
421.jpeg,2
423.jpeg,2
428.jpeg,2
429.jpeg,2
431.jpeg,2
434.jpeg,2
438.jpeg,2
439.jpeg,2
444.jpeg,2
450.jpeg,2
452.jpeg,2
453.jpeg,2
456.jpeg,2
458.jpeg,2
46.jpeg,2
460.jpeg,2
462.jpeg,2
464.jpeg,2
47.jpeg,2
470.jpeg,2
480.jpeg,2
49.jpeg,2
494.jpeg,2
496.jpeg,2
497.jpeg,2
499.jpeg,2
501.jpeg,2
503.jpeg,2
505.jpeg,2
506.jpeg,2
507.jpeg,2
509.jpeg,2
511.jpeg,2
515.jpeg,2
517.jpeg,2
519.jpeg,2
521.jpeg,2
531.jpeg,2
535.jpeg,2
542.jpeg,2
548.jpeg,2
550.jpeg,2
551.jpeg,2
553.jpeg,2
554.jpeg,2
558.jpeg,2
559.jpeg,2
56.jpeg,2
561.jpeg,2
564.jpeg,2
566.jpeg,2
568.jpeg,2
57.jpeg,2
572.jpeg,2
573.jpeg,2
574.jpeg,2
579.jpeg,2
581.jpeg,2
582.jpeg,2
587.jpeg,2
588.jpeg,2
59.jpeg,2
591.jpeg,2
592.jpeg,2
597.jpeg,2
598.jpeg,2
604.jpeg,2
608.jpeg,2
613.jpeg,2
618.jpeg,2
65.jpeg,2
68.jpeg,2
7.jpeg,2
70.jpeg,2
75.jpeg,2
78.jpeg,2
83.jpeg,2
85.jpeg,2
87.jpeg,2
93.jpeg,2
