Names, ID 
1000ETHUSD.jpeg,0
1001XMRUSD.jpeg,0
1002ETHUSD.jpeg,0
1003XMRUSD.jpeg,0
1004ETHUSD.jpeg,0
1005XMRUSD.jpeg,0
1006ETHUSD.jpeg,0
1007XMRUSD.jpeg,0
1008ETHUSD.jpeg,0
1009XMRUSD.jpeg,0
1010ETHUSD.jpeg,0
1011XMRUSD.jpeg,0
1012ETHUSD.jpeg,0
1013XMRUSD.jpeg,0
1014ETHUSD.jpeg,0
1015XMRUSD.jpeg,0
1016ETHUSD.jpeg,0
1017XMRUSD.jpeg,0
1018ETHUSD.jpeg,0
1019XMRUSD.jpeg,0
1020ETHUSD.jpeg,0
1021XMRUSD.jpeg,0
1022ETHUSD.jpeg,0
1023XMRUSD.jpeg,0
1024ETHUSD.jpeg,0
1025XMRUSD.jpeg,0
1026ETHUSD.jpeg,0
1027XMRUSD.jpeg,0
1028ETHUSD.jpeg,0
1029XMRUSD.jpeg,0
1030ETHUSD.jpeg,0
1031XMRUSD.jpeg,0
1032ETHUSD.jpeg,0
1033XMRUSD.jpeg,0
1034ETHUSD.jpeg,0
1035XMRUSD.jpeg,0
1036ETHUSD.jpeg,0
1037XMRUSD.jpeg,0
1038ETHUSD.jpeg,0
1039XMRUSD.jpeg,0
1040ETHUSD.jpeg,0
1041XMRUSD.jpeg,0
1042ETHUSD.jpeg,0
1043XMRUSD.jpeg,0
1044ETHUSD.jpeg,0
1045XMRUSD.jpeg,0
1046ETHUSD.jpeg,0
1047XMRUSD.jpeg,0
1048ETHUSD.jpeg,0
1049XMRUSD.jpeg,0
1050ETHUSD.jpeg,0
1051XMRUSD.jpeg,0
1052ETHUSD.jpeg,0
1053XMRUSD.jpeg,0
1054ETHUSD.jpeg,0
1055XMRUSD.jpeg,0
1056ETHUSD.jpeg,0
1057XMRUSD.jpeg,0
1058ETHUSD.jpeg,0
1059XMRUSD.jpeg,0
1060ETHUSD.jpeg,0
1061XMRUSD.jpeg,0
1062ETHUSD.jpeg,0
1063XMRUSD.jpeg,0
1064ETHUSD.jpeg,0
1065XMRUSD.jpeg,0
1066ETHUSD.jpeg,0
1067XMRUSD.jpeg,0
1068ETHUSD.jpeg,0
1069XMRUSD.jpeg,0
1070ETHUSD.jpeg,0
1071XMRUSD.jpeg,0
1072ETHUSD.jpeg,0
1073XMRUSD.jpeg,0
1074ETHUSD.jpeg,0
1075XMRUSD.jpeg,0
1076ETHUSD.jpeg,0
1077XMRUSD.jpeg,0
1078ETHUSD.jpeg,0
1079XMRUSD.jpeg,0
1080ETHUSD.jpeg,0
1081XMRUSD.jpeg,0
1082ETHUSD.jpeg,0
1083XMRUSD.jpeg,0
1084ETHUSD.jpeg,0
1085XMRUSD.jpeg,0
1086ETHUSD.jpeg,0
1087XMRUSD.jpeg,0
1088ETHUSD.jpeg,0
1089XMRUSD.jpeg,0
1090ETHUSD.jpeg,0
1091XMRUSD.jpeg,0
1092ETHUSD.jpeg,0
1093XMRUSD.jpeg,0
1094ETHUSD.jpeg,0
1095XMRUSD.jpeg,0
1096ETHUSD.jpeg,0
1097XMRUSD.jpeg,0
1098ETHUSD.jpeg,0
1099XMRUSD.jpeg,0
1100ETHUSD.jpeg,0
1101XMRUSD.jpeg,0
1102ETHUSD.jpeg,0
1103XMRUSD.jpeg,0
1104ETHUSD.jpeg,0
1105XMRUSD.jpeg,0
1106ETHUSD.jpeg,0
1107XMRUSD.jpeg,0
1108ETHUSD.jpeg,0
1109XMRUSD.jpeg,0
1111XMRUSD.jpeg,0
1113XMRUSD.jpeg,0
1115XMRUSD.jpeg,0
1117XMRUSD.jpeg,0
1119XMRUSD.jpeg,0
1121XMRUSD.jpeg,0
1122ETHUSD.jpeg,0
1123XMRUSD.jpeg,0
1125XMRUSD.jpeg,0
1127XMRUSD.jpeg,0
1129XMRUSD.jpeg,0
1131XMRUSD.jpeg,0
1133XMRUSD.jpeg,0
1135XMRUSD.jpeg,0
1137XMRUSD.jpeg,0
1139XMRUSD.jpeg,0
1141XMRUSD.jpeg,0
1143XMRUSD.jpeg,0
1144ETHUSD.jpeg,0
1145XMRUSD.jpeg,0
1146ETHUSD.jpeg,0
1147XMRUSD.jpeg,0
1148ETHUSD.jpeg,0
1149XMRUSD.jpeg,0
1150ETHUSD.jpeg,0
1151XMRUSD.jpeg,0
1152ETHUSD.jpeg,0
1153XMRUSD.jpeg,0
1154ETHUSD.jpeg,0
1155XMRUSD.jpeg,0
1157XMRUSD.jpeg,0
1159XMRUSD.jpeg,0
1161XMRUSD.jpeg,0
1163XMRUSD.jpeg,0
1165XMRUSD.jpeg,0
1167XMRUSD.jpeg,0
1169XMRUSD.jpeg,0
1171XMRUSD.jpeg,0
1173XMRUSD.jpeg,0
1175XMRUSD.jpeg,0
1177XMRUSD.jpeg,0
1179XMRUSD.jpeg,0
1181XMRUSD.jpeg,0
1183XMRUSD.jpeg,0
1185XMRUSD.jpeg,0
1187XMRUSD.jpeg,0
1195XMRUSD.jpeg,0
1197XMRUSD.jpeg,0
1199XMRUSD.jpeg,0
1200ETHUSD.jpeg,0
1201XMRUSD.jpeg,0
1202ETHUSD.jpeg,0
1203XMRUSD.jpeg,0
1204ETHUSD.jpeg,0
1205XMRUSD.jpeg,0
1206ETHUSD.jpeg,0
1207XMRUSD.jpeg,0
1208ETHUSD.jpeg,0
1209XMRUSD.jpeg,0
1210ETHUSD.jpeg,0
1211XMRUSD.jpeg,0
1212ETHUSD.jpeg,0
1213XMRUSD.jpeg,0
1214ETHUSD.jpeg,0
1215XMRUSD.jpeg,0
1216ETHUSD.jpeg,0
1217XMRUSD.jpeg,0
1218ETHUSD.jpeg,0
1219XMRUSD.jpeg,0
1220ETHUSD.jpeg,0
1221XMRUSD.jpeg,0
1222ETHUSD.jpeg,0
1223XMRUSD.jpeg,0
1224ETHUSD.jpeg,0
1225XMRUSD.jpeg,0
1226ETHUSD.jpeg,0
1228ETHUSD.jpeg,0
1230ETHUSD.jpeg,0
1232ETHUSD.jpeg,0
1234ETHUSD.jpeg,0
1236ETHUSD.jpeg,0
1238ETHUSD.jpeg,0
1239XMRUSD.jpeg,0
1240ETHUSD.jpeg,0
1241XMRUSD.jpeg,0
1242ETHUSD.jpeg,0
1243XMRUSD.jpeg,0
1244ETHUSD.jpeg,0
1245XMRUSD.jpeg,0
1247XMRUSD.jpeg,0
1249XMRUSD.jpeg,0
1251XMRUSD.jpeg,0
1253XMRUSD.jpeg,0
1255XMRUSD.jpeg,0
1257XMRUSD.jpeg,0
1258ETHUSD.jpeg,0
1259XMRUSD.jpeg,0
1260ETHUSD.jpeg,0
1261XMRUSD.jpeg,0
1262ETHUSD.jpeg,0
1263XMRUSD.jpeg,0
1264ETHUSD.jpeg,0
1265XMRUSD.jpeg,0
1266ETHUSD.jpeg,0
1267XMRUSD.jpeg,0
1268ETHUSD.jpeg,0
1269XMRUSD.jpeg,0
1270ETHUSD.jpeg,0
1271XMRUSD.jpeg,0
1272ETHUSD.jpeg,0
1273XMRUSD.jpeg,0
1274ETHUSD.jpeg,0
1275XMRUSD.jpeg,0
1276ETHUSD.jpeg,0
1277XMRUSD.jpeg,0
1278ETHUSD.jpeg,0
1279XMRUSD.jpeg,0
1280ETHUSD.jpeg,0
1281XMRUSD.jpeg,0
1282ETHUSD.jpeg,0
1283XMRUSD.jpeg,0
1284ETHUSD.jpeg,0
1285XMRUSD.jpeg,0
1286ETHUSD.jpeg,0
1287XMRUSD.jpeg,0
1288ETHUSD.jpeg,0
1290ETHUSD.jpeg,0
1292ETHUSD.jpeg,0
1294ETHUSD.jpeg,0
1296ETHUSD.jpeg,0
1298ETHUSD.jpeg,0
1300ETHUSD.jpeg,0
1301XMRUSD.jpeg,0
1302ETHUSD.jpeg,0
1303XMRUSD.jpeg,0
1304ETHUSD.jpeg,0
1305XMRUSD.jpeg,0
1306ETHUSD.jpeg,0
1307XMRUSD.jpeg,0
1308ETHUSD.jpeg,0
1309XMRUSD.jpeg,0
1310ETHUSD.jpeg,0
1311XMRUSD.jpeg,0
1312ETHUSD.jpeg,0
1313XMRUSD.jpeg,0
1314ETHUSD.jpeg,0
1315XMRUSD.jpeg,0
1316ETHUSD.jpeg,0
1317XMRUSD.jpeg,0
1318ETHUSD.jpeg,0
1319XMRUSD.jpeg,0
1320ETHUSD.jpeg,0
1321XMRUSD.jpeg,0
1322ETHUSD.jpeg,0
1323XMRUSD.jpeg,0
1324ETHUSD.jpeg,0
1325XMRUSD.jpeg,0
1326ETHUSD.jpeg,0
1327XMRUSD.jpeg,0
1328ETHUSD.jpeg,0
1329XMRUSD.jpeg,0
1330ETHUSD.jpeg,0
1331XMRUSD.jpeg,0
1332ETHUSD.jpeg,0
1333XMRUSD.jpeg,0
1334ETHUSD.jpeg,0
1335XMRUSD.jpeg,0
1336ETHUSD.jpeg,0
1337XMRUSD.jpeg,0
1338ETHUSD.jpeg,0
1339XMRUSD.jpeg,0
1340ETHUSD.jpeg,0
1341XMRUSD.jpeg,0
1342ETHUSD.jpeg,0
1343XMRUSD.jpeg,0
1344ETHUSD.jpeg,0
1345XMRUSD.jpeg,0
1346ETHUSD.jpeg,0
1347XMRUSD.jpeg,0
1348ETHUSD.jpeg,0
1349XMRUSD.jpeg,0
1350ETHUSD.jpeg,0
1351XMRUSD.jpeg,0
1352ETHUSD.jpeg,0
1353XMRUSD.jpeg,0
1354ETHUSD.jpeg,0
1355XMRUSD.jpeg,0
1356ETHUSD.jpeg,0
1357XMRUSD.jpeg,0
1358ETHUSD.jpeg,0
1359XMRUSD.jpeg,0
1360ETHUSD.jpeg,0
1361XMRUSD.jpeg,0
1362ETHUSD.jpeg,0
1363XMRUSD.jpeg,0
1364ETHUSD.jpeg,0
1365XMRUSD.jpeg,0
1366ETHUSD.jpeg,0
1367XMRUSD.jpeg,0
1368ETHUSD.jpeg,0
1369XMRUSD.jpeg,0
1370ETHUSD.jpeg,0
1371XMRUSD.jpeg,0
1372ETHUSD.jpeg,0
1373XMRUSD.jpeg,0
1374ETHUSD.jpeg,0
1375XMRUSD.jpeg,0
1376ETHUSD.jpeg,0
1377XMRUSD.jpeg,0
1378ETHUSD.jpeg,0
1379XMRUSD.jpeg,0
1380ETHUSD.jpeg,0
1381XMRUSD.jpeg,0
1382ETHUSD.jpeg,0
1383XMRUSD.jpeg,0
1384ETHUSD.jpeg,0
1385XMRUSD.jpeg,0
1386ETHUSD.jpeg,0
1387XMRUSD.jpeg,0
1388ETHUSD.jpeg,0
1389XMRUSD.jpeg,0
1390ETHUSD.jpeg,0
1391XMRUSD.jpeg,0
1392ETHUSD.jpeg,0
1393XMRUSD.jpeg,0
1394ETHUSD.jpeg,0
1395XMRUSD.jpeg,0
1396ETHUSD.jpeg,0
1397XMRUSD.jpeg,0
1398ETHUSD.jpeg,0
1399XMRUSD.jpeg,0
1400ETHUSD.jpeg,0
1401XMRUSD.jpeg,0
1402ETHUSD.jpeg,0
1403XMRUSD.jpeg,0
1404ETHUSD.jpeg,0
1405XMRUSD.jpeg,0
1406ETHUSD.jpeg,0
1407XMRUSD.jpeg,0
1408ETHUSD.jpeg,0
1409XMRUSD.jpeg,0
1410ETHUSD.jpeg,0
1411XMRUSD.jpeg,0
1412ETHUSD.jpeg,0
1413XMRUSD.jpeg,0
1414ETHUSD.jpeg,0
1416ETHUSD.jpeg,0
1418ETHUSD.jpeg,0
1420ETHUSD.jpeg,0
1422ETHUSD.jpeg,0
1425XMRUSD.jpeg,0
1427XMRUSD.jpeg,0
1429XMRUSD.jpeg,0
1431XMRUSD.jpeg,0
1433XMRUSD.jpeg,0
1435XMRUSD.jpeg,0
1437XMRUSD.jpeg,0
1447XMRUSD.jpeg,0
1448ETHUSD.jpeg,0
1449XMRUSD.jpeg,0
1450ETHUSD.jpeg,0
1451XMRUSD.jpeg,0
1452ETHUSD.jpeg,0
1453XMRUSD.jpeg,0
1454ETHUSD.jpeg,0
1455XMRUSD.jpeg,0
1456ETHUSD.jpeg,0
1457XMRUSD.jpeg,0
1458ETHUSD.jpeg,0
1459XMRUSD.jpeg,0
1460ETHUSD.jpeg,0
1461XMRUSD.jpeg,0
1462ETHUSD.jpeg,0
1463XMRUSD.jpeg,0
1464ETHUSD.jpeg,0
1465XMRUSD.jpeg,0
1466ETHUSD.jpeg,0
1467XMRUSD.jpeg,0
1468ETHUSD.jpeg,0
1469XMRUSD.jpeg,0
1470ETHUSD.jpeg,0
1471XMRUSD.jpeg,0
1472ETHUSD.jpeg,0
1473XMRUSD.jpeg,0
1474ETHUSD.jpeg,0
1475XMRUSD.jpeg,0
1476ETHUSD.jpeg,0
1477XMRUSD.jpeg,0
1478ETHUSD.jpeg,0
1479XMRUSD.jpeg,0
1480ETHUSD.jpeg,0
1481XMRUSD.jpeg,0
1482ETHUSD.jpeg,0
1483XMRUSD.jpeg,0
1484ETHUSD.jpeg,0
1485XMRUSD.jpeg,0
1486ETHUSD.jpeg,0
1487XMRUSD.jpeg,0
1488ETHUSD.jpeg,0
1489XMRUSD.jpeg,0
1490ETHUSD.jpeg,0
1491XMRUSD.jpeg,0
1492ETHUSD.jpeg,0
1493XMRUSD.jpeg,0
1494ETHUSD.jpeg,0
1495XMRUSD.jpeg,0
1496ETHUSD.jpeg,0
1497XMRUSD.jpeg,0
1498ETHUSD.jpeg,0
1499XMRUSD.jpeg,0
1500ETHUSD.jpeg,0
1501XMRUSD.jpeg,0
1502ETHUSD.jpeg,0
1503XMRUSD.jpeg,0
1504ETHUSD.jpeg,0
1505XMRUSD.jpeg,0
1506ETHUSD.jpeg,0
1507XMRUSD.jpeg,0
1508ETHUSD.jpeg,0
1509XMRUSD.jpeg,0
1510ETHUSD.jpeg,0
1512XMRUSD.jpeg,0
1513ETHUSD.jpeg,0
1515XMRUSD.jpeg,0
1516ETHUSD.jpeg,0
1517XMRUSD.jpeg,0
1518ETHUSD.jpeg,0
1519XMRUSD.jpeg,0
1520ETHUSD.jpeg,0
1530XMRUSD.jpeg,0
1531ETHUSD.jpeg,0
1532XMRUSD.jpeg,0
1533ETHUSD.jpeg,0
1534XMRUSD.jpeg,0
1535ETHUSD.jpeg,0
1536XMRUSD.jpeg,0
1537ETHUSD.jpeg,0
1538XMRUSD.jpeg,0
1539ETHUSD.jpeg,0
1540XMRUSD.jpeg,0
1541ETHUSD.jpeg,0
1542XMRUSD.jpeg,0
1543ETHUSD.jpeg,0
1544XMRUSD.jpeg,0
1545ETHUSD.jpeg,0
1546XMRUSD.jpeg,0
1547ETHUSD.jpeg,0
1548XMRUSD.jpeg,0
1549ETHUSD.jpeg,0
1550XMRUSD.jpeg,0
1551ETHUSD.jpeg,0
1552XMRUSD.jpeg,0
1553ETHUSD.jpeg,0
1554XMRUSD.jpeg,0
1555ETHUSD.jpeg,0
1556XMRUSD.jpeg,0
1557ETHUSD.jpeg,0
1558XMRUSD.jpeg,0
1559ETHUSD.jpeg,0
1560XMRUSD.jpeg,0
1561ETHUSD.jpeg,0
1562XMRUSD.jpeg,0
1563ETHUSD.jpeg,0
1564XMRUSD.jpeg,0
1565ETHUSD.jpeg,0
1566XMRUSD.jpeg,0
1567ETHUSD.jpeg,0
1568XMRUSD.jpeg,0
1569ETHUSD.jpeg,0
1570XMRUSD.jpeg,0
1571ETHUSD.jpeg,0
1572XMRUSD.jpeg,0
1573ETHUSD.jpeg,0
1574XMRUSD.jpeg,0
1576XMRUSD.jpeg,0
1577ETHUSD.jpeg,0
1578XMRUSD.jpeg,0
1579ETHUSD.jpeg,0
1580XMRUSD.jpeg,0
1581ETHUSD.jpeg,0
1582XMRUSD.jpeg,0
1584XMRUSD.jpeg,0
1587ETHUSD.jpeg,0
1589ETHUSD.jpeg,0
1591ETHUSD.jpeg,0
1593ETHUSD.jpeg,0
1595ETHUSD.jpeg,0
1597ETHUSD.jpeg,0
1598XMRUSD.jpeg,0
1599ETHUSD.jpeg,0
1600XMRUSD.jpeg,0
1601ETHUSD.jpeg,0
1602XMRUSD.jpeg,0
1603ETHUSD.jpeg,0
1604XMRUSD.jpeg,0
1605ETHUSD.jpeg,0
1606XMRUSD.jpeg,0
1607ETHUSD.jpeg,0
1615ETHUSD.jpeg,0
1617ETHUSD.jpeg,0
1619ETHUSD.jpeg,0
1621ETHUSD.jpeg,0
1623ETHUSD.jpeg,0
1625ETHUSD.jpeg,0
1627ETHUSD.jpeg,0
1629ETHUSD.jpeg,0
1631ETHUSD.jpeg,0
1632XMRUSD.jpeg,0
1633ETHUSD.jpeg,0
1634XMRUSD.jpeg,0
1635ETHUSD.jpeg,0
1636XMRUSD.jpeg,0
1637ETHUSD.jpeg,0
1638XMRUSD.jpeg,0
1639ETHUSD.jpeg,0
1640XMRUSD.jpeg,0
1641ETHUSD.jpeg,0
1643ETHUSD.jpeg,0
1645ETHUSD.jpeg,0
1647ETHUSD.jpeg,0
1649ETHUSD.jpeg,0
1651ETHUSD.jpeg,0
1653ETHUSD.jpeg,0
1654XMRUSD.jpeg,0
1655ETHUSD.jpeg,0
1656XMRUSD.jpeg,0
1658XMRUSD.jpeg,0
1660XMRUSD.jpeg,0
1662XMRUSD.jpeg,0
1663ETHUSD.jpeg,0
1664XMRUSD.jpeg,0
1665ETHUSD.jpeg,0
1666XMRUSD.jpeg,0
1667ETHUSD.jpeg,0
1668XMRUSD.jpeg,0
1669ETHUSD.jpeg,0
1670XMRUSD.jpeg,0
1671ETHUSD.jpeg,0
1672XMRUSD.jpeg,0
1673ETHUSD.jpeg,0
1674XMRUSD.jpeg,0
1675ETHUSD.jpeg,0
1676XMRUSD.jpeg,0
1677ETHUSD.jpeg,0
1678XMRUSD.jpeg,0
1679ETHUSD.jpeg,0
1680XMRUSD.jpeg,0
1681ETHUSD.jpeg,0
1682XMRUSD.jpeg,0
1683ETHUSD.jpeg,0
1684XMRUSD.jpeg,0
1685ETHUSD.jpeg,0
1686XMRUSD.jpeg,0
1687ETHUSD.jpeg,0
1689ETHUSD.jpeg,0
1691ETHUSD.jpeg,0
1693ETHUSD.jpeg,0
1694XMRUSD.jpeg,0
1695ETHUSD.jpeg,0
1696XMRUSD.jpeg,0
1697ETHUSD.jpeg,0
1698XMRUSD.jpeg,0
1699ETHUSD.jpeg,0
1700XMRUSD.jpeg,0
1701ETHUSD.jpeg,0
1703XMRUSD.jpeg,0
1704ETHUSD.jpeg,0
1705XMRUSD.jpeg,0
1706ETHUSD.jpeg,0
1707XMRUSD.jpeg,0
1708ETHUSD.jpeg,0
1709XMRUSD.jpeg,0
1710ETHUSD.jpeg,0
1711XMRUSD.jpeg,0
1713XMRUSD.jpeg,0
1715XMRUSD.jpeg,0
1717XMRUSD.jpeg,0
1718ETHUSD.jpeg,0
1719XMRUSD.jpeg,0
1720ETHUSD.jpeg,0
1721XMRUSD.jpeg,0
1722ETHUSD.jpeg,0
1723XMRUSD.jpeg,0
1724ETHUSD.jpeg,0
1725XMRUSD.jpeg,0
1726ETHUSD.jpeg,0
1727XMRUSD.jpeg,0
1728ETHUSD.jpeg,0
1730ETHUSD.jpeg,0
1732ETHUSD.jpeg,0
1734ETHUSD.jpeg,0
1735XMRUSD.jpeg,0
1736ETHUSD.jpeg,0
1737XMRUSD.jpeg,0
1739XMRUSD.jpeg,0
1741XMRUSD.jpeg,0
1742ETHUSD.jpeg,0
1743XMRUSD.jpeg,0
1744ETHUSD.jpeg,0
1745XMRUSD.jpeg,0
1746ETHUSD.jpeg,0
1751XMRUSD.jpeg,0
1753XMRUSD.jpeg,0
1757XMRUSD.jpeg,0
1758ETHUSD.jpeg,0
1759XMRUSD.jpeg,0
1760ETHUSD.jpeg,0
1761XMRUSD.jpeg,0
1762ETHUSD.jpeg,0
1763XMRUSD.jpeg,0
1764ETHUSD.jpeg,0
1765XMRUSD.jpeg,0
1766ETHUSD.jpeg,0
1767XMRUSD.jpeg,0
1768ETHUSD.jpeg,0
1769XMRUSD.jpeg,0
1770ETHUSD.jpeg,0
1771XMRUSD.jpeg,0
1772ETHUSD.jpeg,0
1773XMRUSD.jpeg,0
1774ETHUSD.jpeg,0
1775XMRUSD.jpeg,0
1776ETHUSD.jpeg,0
1777XMRUSD.jpeg,0
1778ETHUSD.jpeg,0
1779XMRUSD.jpeg,0
1780ETHUSD.jpeg,0
1782ETHUSD.jpeg,0
1783XMRUSD.jpeg,0
1784ETHUSD.jpeg,0
1785XMRUSD.jpeg,0
1787XMRUSD.jpeg,0
1788ETHUSD.jpeg,0
1789XMRUSD.jpeg,0
1790ETHUSD.jpeg,0
1791XMRUSD.jpeg,0
1792ETHUSD.jpeg,0
1793XMRUSD.jpeg,0
1794ETHUSD.jpeg,0
1795XMRUSD.jpeg,0
1796ETHUSD.jpeg,0
1797XMRUSD.jpeg,0
1798ETHUSD.jpeg,0
1799XMRUSD.jpeg,0
1800ETHUSD.jpeg,0
1801XMRUSD.jpeg,0
1802ETHUSD.jpeg,0
1803XMRUSD.jpeg,0
1804ETHUSD.jpeg,0
1805XMRUSD.jpeg,0
1806ETHUSD.jpeg,0
1807XMRUSD.jpeg,0
1808ETHUSD.jpeg,0
1809XMRUSD.jpeg,0
1810ETHUSD.jpeg,0
1811XMRUSD.jpeg,0
1812ETHUSD.jpeg,0
1813XMRUSD.jpeg,0
1814ETHUSD.jpeg,0
1815XMRUSD.jpeg,0
1816ETHUSD.jpeg,0
1817XMRUSD.jpeg,0
1818ETHUSD.jpeg,0
1819XMRUSD.jpeg,0
1820ETHUSD.jpeg,0
1821XMRUSD.jpeg,0
1822ETHUSD.jpeg,0
1823XMRUSD.jpeg,0
1824ETHUSD.jpeg,0
1825XMRUSD.jpeg,0
1826ETHUSD.jpeg,0
1827XMRUSD.jpeg,0
1828ETHUSD.jpeg,0
1829XMRUSD.jpeg,0
1831XMRUSD.jpeg,0
1833XMRUSD.jpeg,0
1836ETHUSD.jpeg,0
1838ETHUSD.jpeg,0
1841XMRUSD.jpeg,0
1843XMRUSD.jpeg,0
1845XMRUSD.jpeg,0
1846ETHUSD.jpeg,0
1847XMRUSD.jpeg,0
1848ETHUSD.jpeg,0
1849XMRUSD.jpeg,0
1850ETHUSD.jpeg,0
1851XMRUSD.jpeg,0
1852ETHUSD.jpeg,0
1853XMRUSD.jpeg,0
1854ETHUSD.jpeg,0
1855XMRUSD.jpeg,0
1856ETHUSD.jpeg,0
1857XMRUSD.jpeg,0
1858ETHUSD.jpeg,0
1859XMRUSD.jpeg,0
1860ETHUSD.jpeg,0
1861XMRUSD.jpeg,0
1862ETHUSD.jpeg,0
1863XMRUSD.jpeg,0
1864ETHUSD.jpeg,0
1865XMRUSD.jpeg,0
1866ETHUSD.jpeg,0
1867XMRUSD.jpeg,0
1868ETHUSD.jpeg,0
1869XMRUSD.jpeg,0
1870ETHUSD.jpeg,0
1871XMRUSD.jpeg,0
1872ETHUSD.jpeg,0
1873XMRUSD.jpeg,0
1874ETHUSD.jpeg,0
1875XMRUSD.jpeg,0
1876ETHUSD.jpeg,0
1877XMRUSD.jpeg,0
1878ETHUSD.jpeg,0
1879XMRUSD.jpeg,0
1880ETHUSD.jpeg,0
1881XMRUSD.jpeg,0
1882ETHUSD.jpeg,0
1883XMRUSD.jpeg,0
1884ETHUSD.jpeg,0
1885XMRUSD.jpeg,0
1886ETHUSD.jpeg,0
1887XMRUSD.jpeg,0
1888ETHUSD.jpeg,0
1889XMRUSD.jpeg,0
1890ETHUSD.jpeg,0
1891XMRUSD.jpeg,0
1892ETHUSD.jpeg,0
1893XMRUSD.jpeg,0
1894ETHUSD.jpeg,0
1895XMRUSD.jpeg,0
1896ETHUSD.jpeg,0
1897XMRUSD.jpeg,0
1898ETHUSD.jpeg,0
1899XMRUSD.jpeg,0
1900ETHUSD.jpeg,0
1901XMRUSD.jpeg,0
1902ETHUSD.jpeg,0
1903XMRUSD.jpeg,0
1904ETHUSD.jpeg,0
1905XMRUSD.jpeg,0
1906ETHUSD.jpeg,0
1907XMRUSD.jpeg,0
1908ETHUSD.jpeg,0
1909XMRUSD.jpeg,0
1910ETHUSD.jpeg,0
1911XMRUSD.jpeg,0
1912ETHUSD.jpeg,0
1913XMRUSD.jpeg,0
1914ETHUSD.jpeg,0
1915XMRUSD.jpeg,0
1916ETHUSD.jpeg,0
1917XMRUSD.jpeg,0
1918ETHUSD.jpeg,0
1919XMRUSD.jpeg,0
1920ETHUSD.jpeg,0
1921XMRUSD.jpeg,0
1922ETHUSD.jpeg,0
1923XMRUSD.jpeg,0
1924ETHUSD.jpeg,0
1925XMRUSD.jpeg,0
1926ETHUSD.jpeg,0
1927XMRUSD.jpeg,0
1928ETHUSD.jpeg,0
1929XMRUSD.jpeg,0
1930ETHUSD.jpeg,0
1932XMRUSD.jpeg,0
1933ETHUSD.jpeg,0
1934XMRUSD.jpeg,0
1935ETHUSD.jpeg,0
1936XMRUSD.jpeg,0
1937ETHUSD.jpeg,0
1938XMRUSD.jpeg,0
1939ETHUSD.jpeg,0
1940XMRUSD.jpeg,0
1941ETHUSD.jpeg,0
1942XMRUSD.jpeg,0
1944XMRUSD.jpeg,0
1946XMRUSD.jpeg,0
1948XMRUSD.jpeg,0
1950XMRUSD.jpeg,0
1952XMRUSD.jpeg,0
1954XMRUSD.jpeg,0
1956XMRUSD.jpeg,0
1958XMRUSD.jpeg,0
1960XMRUSD.jpeg,0
1961ETHUSD.jpeg,0
1962XMRUSD.jpeg,0
1963ETHUSD.jpeg,0
1964XMRUSD.jpeg,0
1965ETHUSD.jpeg,0
1966XMRUSD.jpeg,0
1967ETHUSD.jpeg,0
1968XMRUSD.jpeg,0
1969ETHUSD.jpeg,0
1970XMRUSD.jpeg,0
1971ETHUSD.jpeg,0
1972XMRUSD.jpeg,0
1973ETHUSD.jpeg,0
1974XMRUSD.jpeg,0
1975ETHUSD.jpeg,0
1976XMRUSD.jpeg,0
1977ETHUSD.jpeg,0
1978XMRUSD.jpeg,0
1979ETHUSD.jpeg,0
1980XMRUSD.jpeg,0
1981ETHUSD.jpeg,0
1982XMRUSD.jpeg,0
1983ETHUSD.jpeg,0
1984XMRUSD.jpeg,0
1985ETHUSD.jpeg,0
1986XMRUSD.jpeg,0
1987ETHUSD.jpeg,0
1988XMRUSD.jpeg,0
1989ETHUSD.jpeg,0
1990XMRUSD.jpeg,0
1991ETHUSD.jpeg,0
1993ETHUSD.jpeg,0
1994XMRUSD.jpeg,0
1995ETHUSD.jpeg,0
1996XMRUSD.jpeg,0
1997ETHUSD.jpeg,0
1998XMRUSD.jpeg,0
1999ETHUSD.jpeg,0
2001XMRUSD.jpeg,0
2002ETHUSD.jpeg,0
2003XMRUSD.jpeg,0
2004ETHUSD.jpeg,0
2005XMRUSD.jpeg,0
2006ETHUSD.jpeg,0
2008ETHUSD.jpeg,0
2009XMRUSD.jpeg,0
2010ETHUSD.jpeg,0
2011XMRUSD.jpeg,0
2012ETHUSD.jpeg,0
2013XMRUSD.jpeg,0
2014ETHUSD.jpeg,0
2015XMRUSD.jpeg,0
2016ETHUSD.jpeg,0
2017XMRUSD.jpeg,0
2018ETHUSD.jpeg,0
2019XMRUSD.jpeg,0
2020ETHUSD.jpeg,0
2021XMRUSD.jpeg,0
2022ETHUSD.jpeg,0
2023XMRUSD.jpeg,0
2024ETHUSD.jpeg,0
2025XMRUSD.jpeg,0
2026ETHUSD.jpeg,0
2027XMRUSD.jpeg,0
2028ETHUSD.jpeg,0
2029XMRUSD.jpeg,0
2030ETHUSD.jpeg,0
2031XMRUSD.jpeg,0
2032ETHUSD.jpeg,0
2033XMRUSD.jpeg,0
2034ETHUSD.jpeg,0
2035XMRUSD.jpeg,0
2036ETHUSD.jpeg,0
2037XMRUSD.jpeg,0
2038ETHUSD.jpeg,0
2039XMRUSD.jpeg,0
2040ETHUSD.jpeg,0
2041XMRUSD.jpeg,0
2042ETHUSD.jpeg,0
2043XMRUSD.jpeg,0
2044ETHUSD.jpeg,0
2045XMRUSD.jpeg,0
2046ETHUSD.jpeg,0
2047XMRUSD.jpeg,0
2048ETHUSD.jpeg,0
2049XMRUSD.jpeg,0
2050ETHUSD.jpeg,0
2051XMRUSD.jpeg,0
2052ETHUSD.jpeg,0
2053XMRUSD.jpeg,0
2054ETHUSD.jpeg,0
2055XMRUSD.jpeg,0
2056ETHUSD.jpeg,0
2057XMRUSD.jpeg,0
2058ETHUSD.jpeg,0
2059XMRUSD.jpeg,0
2060ETHUSD.jpeg,0
2061XMRUSD.jpeg,0
2062ETHUSD.jpeg,0
2063XMRUSD.jpeg,0
2064ETHUSD.jpeg,0
2069XMRUSD.jpeg,0
2071XMRUSD.jpeg,0
2073XMRUSD.jpeg,0
2075XMRUSD.jpeg,0
2077XMRUSD.jpeg,0
2079XMRUSD.jpeg,0
2081XMRUSD.jpeg,0
2083XMRUSD.jpeg,0
2085XMRUSD.jpeg,0
2087XMRUSD.jpeg,0
2088ETHUSD.jpeg,0
2089XMRUSD.jpeg,0
2090ETHUSD.jpeg,0
2091XMRUSD.jpeg,0
2092ETHUSD.jpeg,0
2093XMRUSD.jpeg,0
2094ETHUSD.jpeg,0
2095XMRUSD.jpeg,0
2096ETHUSD.jpeg,0
2097XMRUSD.jpeg,0
2098ETHUSD.jpeg,0
2099XMRUSD.jpeg,0
2101XMRUSD.jpeg,0
2103XMRUSD.jpeg,0
2105XMRUSD.jpeg,0
2107XMRUSD.jpeg,0
2108ETHUSD.jpeg,0
2109XMRUSD.jpeg,0
2110ETHUSD.jpeg,0
2111XMRUSD.jpeg,0
2112ETHUSD.jpeg,0
2113XMRUSD.jpeg,0
2114ETHUSD.jpeg,0
2115XMRUSD.jpeg,0
2116ETHUSD.jpeg,0
2117XMRUSD.jpeg,0
2118ETHUSD.jpeg,0
2119XMRUSD.jpeg,0
2120ETHUSD.jpeg,0
2121XMRUSD.jpeg,0
2122ETHUSD.jpeg,0
2123XMRUSD.jpeg,0
2124ETHUSD.jpeg,0
2125XMRUSD.jpeg,0
2126ETHUSD.jpeg,0
2127XMRUSD.jpeg,0
2128ETHUSD.jpeg,0
2129XMRUSD.jpeg,0
2130ETHUSD.jpeg,0
2131XMRUSD.jpeg,0
2132ETHUSD.jpeg,0
2133XMRUSD.jpeg,0
2134ETHUSD.jpeg,0
2135XMRUSD.jpeg,0
2136ETHUSD.jpeg,0
2137XMRUSD.jpeg,0
2138ETHUSD.jpeg,0
2139XMRUSD.jpeg,0
2140ETHUSD.jpeg,0
2141XMRUSD.jpeg,0
2142ETHUSD.jpeg,0
2143XMRUSD.jpeg,0
2144ETHUSD.jpeg,0
2145XMRUSD.jpeg,0
2146ETHUSD.jpeg,0
2147XMRUSD.jpeg,0
2148ETHUSD.jpeg,0
2149XMRUSD.jpeg,0
2150ETHUSD.jpeg,0
2151XMRUSD.jpeg,0
2152ETHUSD.jpeg,0
2153XMRUSD.jpeg,0
2154ETHUSD.jpeg,0
2155XMRUSD.jpeg,0
2156ETHUSD.jpeg,0
2157XMRUSD.jpeg,0
2158ETHUSD.jpeg,0
2159XMRUSD.jpeg,0
2160ETHUSD.jpeg,0
2161XMRUSD.jpeg,0
2162ETHUSD.jpeg,0
2163XMRUSD.jpeg,0
2164ETHUSD.jpeg,0
2165XMRUSD.jpeg,0
2166ETHUSD.jpeg,0
2167XMRUSD.jpeg,0
2168ETHUSD.jpeg,0
2169XMRUSD.jpeg,0
2171XMRUSD.jpeg,0
2172ETHUSD.jpeg,0
2173XMRUSD.jpeg,0
2174ETHUSD.jpeg,0
2175XMRUSD.jpeg,0
2176ETHUSD.jpeg,0
2177XMRUSD.jpeg,0
2179XMRUSD.jpeg,0
2180ETHUSD.jpeg,0
2181XMRUSD.jpeg,0
2182ETHUSD.jpeg,0
2183XMRUSD.jpeg,0
2184ETHUSD.jpeg,0
2185XMRUSD.jpeg,0
2186ETHUSD.jpeg,0
2187XMRUSD.jpeg,0
2188ETHUSD.jpeg,0
2190ETHUSD.jpeg,0
2192ETHUSD.jpeg,0
2194ETHUSD.jpeg,0
2196ETHUSD.jpeg,0
2198ETHUSD.jpeg,0
2200ETHUSD.jpeg,0
2201XMRUSD.jpeg,0
2202ETHUSD.jpeg,0
2203XMRUSD.jpeg,0
2204ETHUSD.jpeg,0
2205XMRUSD.jpeg,0
2206ETHUSD.jpeg,0
2207XMRUSD.jpeg,0
2208ETHUSD.jpeg,0
2209XMRUSD.jpeg,0
2210ETHUSD.jpeg,0
2211XMRUSD.jpeg,0
2212ETHUSD.jpeg,0
2213XMRUSD.jpeg,0
2214ETHUSD.jpeg,0
2215XMRUSD.jpeg,0
2216ETHUSD.jpeg,0
795XMRUSD.jpeg,0
796ETHUSD.jpeg,0
798ETHUSD.jpeg,0
800ETHUSD.jpeg,0
802ETHUSD.jpeg,0
804ETHUSD.jpeg,0
805XMRUSD.jpeg,0
806ETHUSD.jpeg,0
807XMRUSD.jpeg,0
808ETHUSD.jpeg,0
809XMRUSD.jpeg,0
810ETHUSD.jpeg,0
810XMRUSD.jpeg,0
812XMRUSD.jpeg,0
814XMRUSD.jpeg,0
815ETHUSD.jpeg,0
816XMRUSD.jpeg,0
817ETHUSD.jpeg,0
818XMRUSD.jpeg,0
819ETHUSD.jpeg,0
820XMRUSD.jpeg,0
821ETHUSD.jpeg,0
822XMRUSD.jpeg,0
823ETHUSD.jpeg,0
824XMRUSD.jpeg,0
825ETHUSD.jpeg,0
826XMRUSD.jpeg,0
827ETHUSD.jpeg,0
828XMRUSD.jpeg,0
829ETHUSD.jpeg,0
831ETHUSD.jpeg,0
833ETHUSD.jpeg,0
835ETHUSD.jpeg,0
837ETHUSD.jpeg,0
839ETHUSD.jpeg,0
840XMRUSD.jpeg,0
841ETHUSD.jpeg,0
843ETHUSD.jpeg,0
845ETHUSD.jpeg,0
847ETHUSD.jpeg,0
849ETHUSD.jpeg,0
850XMRUSD.jpeg,0
851ETHUSD.jpeg,0
852XMRUSD.jpeg,0
853ETHUSD.jpeg,0
854XMRUSD.jpeg,0
855ETHUSD.jpeg,0
856XMRUSD.jpeg,0
857ETHUSD.jpeg,0
858XMRUSD.jpeg,0
859ETHUSD.jpeg,0
860XMRUSD.jpeg,0
861ETHUSD.jpeg,0
863ETHUSD.jpeg,0
864XMRUSD.jpeg,0
865ETHUSD.jpeg,0
866XMRUSD.jpeg,0
867ETHUSD.jpeg,0
868XMRUSD.jpeg,0
869ETHUSD.jpeg,0
870XMRUSD.jpeg,0
871ETHUSD.jpeg,0
872XMRUSD.jpeg,0
873ETHUSD.jpeg,0
875ETHUSD.jpeg,0
877ETHUSD.jpeg,0
879ETHUSD.jpeg,0
881ETHUSD.jpeg,0
883ETHUSD.jpeg,0
885ETHUSD.jpeg,0
887ETHUSD.jpeg,0
888XMRUSD.jpeg,0
889ETHUSD.jpeg,0
890XMRUSD.jpeg,0
891ETHUSD.jpeg,0
892XMRUSD.jpeg,0
893ETHUSD.jpeg,0
894XMRUSD.jpeg,0
895ETHUSD.jpeg,0
896XMRUSD.jpeg,0
897ETHUSD.jpeg,0
898XMRUSD.jpeg,0
899ETHUSD.jpeg,0
900XMRUSD.jpeg,0
901ETHUSD.jpeg,0
902XMRUSD.jpeg,0
903ETHUSD.jpeg,0
903XMRUSD.jpeg,0
904ETHUSD.jpeg,0
904XMRUSD.jpeg,0
905XMRUSD.jpeg,0
906ETHUSD.jpeg,0
907XMRUSD.jpeg,0
908ETHUSD.jpeg,0
909XMRUSD.jpeg,0
910ETHUSD.jpeg,0
911XMRUSD.jpeg,0
912ETHUSD.jpeg,0
913XMRUSD.jpeg,0
914ETHUSD.jpeg,0
915XMRUSD.jpeg,0
916ETHUSD.jpeg,0
917XMRUSD.jpeg,0
918ETHUSD.jpeg,0
919XMRUSD.jpeg,0
920ETHUSD.jpeg,0
921XMRUSD.jpeg,0
922ETHUSD.jpeg,0
923XMRUSD.jpeg,0
924ETHUSD.jpeg,0
925XMRUSD.jpeg,0
926ETHUSD.jpeg,0
927XMRUSD.jpeg,0
928ETHUSD.jpeg,0
929XMRUSD.jpeg,0
930ETHUSD.jpeg,0
931XMRUSD.jpeg,0
932ETHUSD.jpeg,0
933XMRUSD.jpeg,0
934ETHUSD.jpeg,0
935XMRUSD.jpeg,0
936ETHUSD.jpeg,0
937XMRUSD.jpeg,0
938ETHUSD.jpeg,0
939XMRUSD.jpeg,0
940ETHUSD.jpeg,0
941XMRUSD.jpeg,0
942ETHUSD.jpeg,0
943XMRUSD.jpeg,0
944ETHUSD.jpeg,0
945XMRUSD.jpeg,0
946ETHUSD.jpeg,0
947XMRUSD.jpeg,0
948ETHUSD.jpeg,0
949XMRUSD.jpeg,0
950ETHUSD.jpeg,0
951XMRUSD.jpeg,0
952ETHUSD.jpeg,0
953XMRUSD.jpeg,0
954ETHUSD.jpeg,0
955XMRUSD.jpeg,0
956ETHUSD.jpeg,0
957XMRUSD.jpeg,0
958ETHUSD.jpeg,0
959XMRUSD.jpeg,0
960ETHUSD.jpeg,0
961XMRUSD.jpeg,0
962ETHUSD.jpeg,0
963XMRUSD.jpeg,0
964ETHUSD.jpeg,0
965XMRUSD.jpeg,0
966ETHUSD.jpeg,0
967XMRUSD.jpeg,0
968ETHUSD.jpeg,0
969XMRUSD.jpeg,0
970ETHUSD.jpeg,0
971XMRUSD.jpeg,0
972ETHUSD.jpeg,0
973XMRUSD.jpeg,0
974ETHUSD.jpeg,0
975XMRUSD.jpeg,0
976ETHUSD.jpeg,0
977XMRUSD.jpeg,0
978ETHUSD.jpeg,0
979XMRUSD.jpeg,0
980ETHUSD.jpeg,0
981XMRUSD.jpeg,0
982ETHUSD.jpeg,0
983XMRUSD.jpeg,0
984ETHUSD.jpeg,0
985XMRUSD.jpeg,0
986ETHUSD.jpeg,0
987XMRUSD.jpeg,0
988ETHUSD.jpeg,0
990ETHUSD.jpeg,0
991XMRUSD.jpeg,0
992ETHUSD.jpeg,0
994ETHUSD.jpeg,0
996ETHUSD.jpeg,0
997XMRUSD.jpeg,0
998ETHUSD.jpeg,0
999XMRUSD.jpeg,0
Anothing_0XMRUSD.jpeg,0
Anothing_100XMRUSD.jpeg,0
Anothing_101ETHUSD.jpeg,0
Anothing_102XMRUSD.jpeg,0
Anothing_103ETHUSD.jpeg,0
Anothing_104XMRUSD.jpeg,0
Anothing_105ETHUSD.jpeg,0
Anothing_106XMRUSD.jpeg,0
Anothing_107ETHUSD.jpeg,0
Anothing_108XMRUSD.jpeg,0
Anothing_109ETHUSD.jpeg,0
Anothing_10XMRUSD.jpeg,0
Anothing_110XMRUSD.jpeg,0
Anothing_111ETHUSD.jpeg,0
Anothing_112XMRUSD.jpeg,0
Anothing_113ETHUSD.jpeg,0
Anothing_114XMRUSD.jpeg,0
Anothing_115ETHUSD.jpeg,0
Anothing_116XMRUSD.jpeg,0
Anothing_117ETHUSD.jpeg,0
Anothing_118XMRUSD.jpeg,0
Anothing_119ETHUSD.jpeg,0
Anothing_11ETHUSD.jpeg,0
Anothing_120XMRUSD.jpeg,0
Anothing_121ETHUSD.jpeg,0
Anothing_122XMRUSD.jpeg,0
Anothing_123ETHUSD.jpeg,0
Anothing_124XMRUSD.jpeg,0
Anothing_125ETHUSD.jpeg,0
Anothing_126XMRUSD.jpeg,0
Anothing_127ETHUSD.jpeg,0
Anothing_128XMRUSD.jpeg,0
Anothing_129ETHUSD.jpeg,0
Anothing_12XMRUSD.jpeg,0
Anothing_130XMRUSD.jpeg,0
Anothing_131ETHUSD.jpeg,0
Anothing_132XMRUSD.jpeg,0
Anothing_133ETHUSD.jpeg,0
Anothing_134XMRUSD.jpeg,0
Anothing_135ETHUSD.jpeg,0
Anothing_136XMRUSD.jpeg,0
Anothing_137ETHUSD.jpeg,0
Anothing_138XMRUSD.jpeg,0
Anothing_139ETHUSD.jpeg,0
Anothing_13ETHUSD.jpeg,0
Anothing_140XMRUSD.jpeg,0
Anothing_141ETHUSD.jpeg,0
Anothing_142XMRUSD.jpeg,0
Anothing_143ETHUSD.jpeg,0
Anothing_144XMRUSD.jpeg,0
Anothing_145ETHUSD.jpeg,0
Anothing_146XMRUSD.jpeg,0
Anothing_147ETHUSD.jpeg,0
Anothing_148XMRUSD.jpeg,0
Anothing_149ETHUSD.jpeg,0
Anothing_14XMRUSD.jpeg,0
Anothing_150XMRUSD.jpeg,0
Anothing_151ETHUSD.jpeg,0
Anothing_152XMRUSD.jpeg,0
Anothing_153ETHUSD.jpeg,0
Anothing_154XMRUSD.jpeg,0
Anothing_155ETHUSD.jpeg,0
Anothing_156XMRUSD.jpeg,0
Anothing_157ETHUSD.jpeg,0
Anothing_158XMRUSD.jpeg,0
Anothing_159ETHUSD.jpeg,0
Anothing_15ETHUSD.jpeg,0
Anothing_160XMRUSD.jpeg,0
Anothing_161ETHUSD.jpeg,0
Anothing_162XMRUSD.jpeg,0
Anothing_163ETHUSD.jpeg,0
Anothing_164XMRUSD.jpeg,0
Anothing_165ETHUSD.jpeg,0
Anothing_166XMRUSD.jpeg,0
Anothing_167ETHUSD.jpeg,0
Anothing_168XMRUSD.jpeg,0
Anothing_169ETHUSD.jpeg,0
Anothing_16XMRUSD.jpeg,0
Anothing_170XMRUSD.jpeg,0
Anothing_171ETHUSD.jpeg,0
Anothing_172XMRUSD.jpeg,0
Anothing_173ETHUSD.jpeg,0
Anothing_174XMRUSD.jpeg,0
Anothing_175ETHUSD.jpeg,0
Anothing_176XMRUSD.jpeg,0
Anothing_177ETHUSD.jpeg,0
Anothing_178XMRUSD.jpeg,0
Anothing_179ETHUSD.jpeg,0
Anothing_17ETHUSD.jpeg,0
Anothing_180XMRUSD.jpeg,0
Anothing_181ETHUSD.jpeg,0
Anothing_182XMRUSD.jpeg,0
Anothing_183ETHUSD.jpeg,0
Anothing_184XMRUSD.jpeg,0
Anothing_185ETHUSD.jpeg,0
Anothing_186XMRUSD.jpeg,0
Anothing_187ETHUSD.jpeg,0
Anothing_188XMRUSD.jpeg,0
Anothing_189ETHUSD.jpeg,0
Anothing_18XMRUSD.jpeg,0
Anothing_190XMRUSD.jpeg,0
Anothing_191ETHUSD.jpeg,0
Anothing_192XMRUSD.jpeg,0
Anothing_193ETHUSD.jpeg,0
Anothing_194XMRUSD.jpeg,0
Anothing_195ETHUSD.jpeg,0
Anothing_196XMRUSD.jpeg,0
Anothing_197ETHUSD.jpeg,0
Anothing_198XMRUSD.jpeg,0
Anothing_199ETHUSD.jpeg,0
Anothing_19ETHUSD.jpeg,0
Anothing_1ETHUSD.jpeg,0
Anothing_200XMRUSD.jpeg,0
Anothing_201ETHUSD.jpeg,0
Anothing_202XMRUSD.jpeg,0
Anothing_203ETHUSD.jpeg,0
Anothing_204XMRUSD.jpeg,0
Anothing_205ETHUSD.jpeg,0
Anothing_206XMRUSD.jpeg,0
Anothing_207ETHUSD.jpeg,0
Anothing_208XMRUSD.jpeg,0
Anothing_209ETHUSD.jpeg,0
Anothing_20XMRUSD.jpeg,0
Anothing_210XMRUSD.jpeg,0
Anothing_211ETHUSD.jpeg,0
Anothing_212XMRUSD.jpeg,0
Anothing_213ETHUSD.jpeg,0
Anothing_214XMRUSD.jpeg,0
Anothing_215ETHUSD.jpeg,0
Anothing_216XMRUSD.jpeg,0
Anothing_217ETHUSD.jpeg,0
Anothing_218XMRUSD.jpeg,0
Anothing_219ETHUSD.jpeg,0
Anothing_21ETHUSD.jpeg,0
Anothing_220XMRUSD.jpeg,0
Anothing_221ETHUSD.jpeg,0
Anothing_222XMRUSD.jpeg,0
Anothing_223ETHUSD.jpeg,0
Anothing_224XMRUSD.jpeg,0
Anothing_225ETHUSD.jpeg,0
Anothing_226XMRUSD.jpeg,0
Anothing_227ETHUSD.jpeg,0
Anothing_228XMRUSD.jpeg,0
Anothing_229ETHUSD.jpeg,0
Anothing_22XMRUSD.jpeg,0
Anothing_230XMRUSD.jpeg,0
Anothing_231ETHUSD.jpeg,0
Anothing_232XMRUSD.jpeg,0
Anothing_233ETHUSD.jpeg,0
Anothing_234XMRUSD.jpeg,0
Anothing_235ETHUSD.jpeg,0
Anothing_236XMRUSD.jpeg,0
Anothing_237ETHUSD.jpeg,0
Anothing_238XMRUSD.jpeg,0
Anothing_239ETHUSD.jpeg,0
Anothing_23ETHUSD.jpeg,0
Anothing_240XMRUSD.jpeg,0
Anothing_241ETHUSD.jpeg,0
Anothing_242XMRUSD.jpeg,0
Anothing_243ETHUSD.jpeg,0
Anothing_244XMRUSD.jpeg,0
Anothing_245ETHUSD.jpeg,0
Anothing_246XMRUSD.jpeg,0
Anothing_247ETHUSD.jpeg,0
Anothing_248XMRUSD.jpeg,0
Anothing_249ETHUSD.jpeg,0
Anothing_24XMRUSD.jpeg,0
Anothing_250XMRUSD.jpeg,0
Anothing_251ETHUSD.jpeg,0
Anothing_252XMRUSD.jpeg,0
Anothing_253ETHUSD.jpeg,0
Anothing_254XMRUSD.jpeg,0
Anothing_255ETHUSD.jpeg,0
Anothing_256XMRUSD.jpeg,0
Anothing_257ETHUSD.jpeg,0
Anothing_258XMRUSD.jpeg,0
Anothing_259ETHUSD.jpeg,0
Anothing_25ETHUSD.jpeg,0
Anothing_260XMRUSD.jpeg,0
Anothing_261ETHUSD.jpeg,0
Anothing_262XMRUSD.jpeg,0
Anothing_263ETHUSD.jpeg,0
Anothing_264XMRUSD.jpeg,0
Anothing_265ETHUSD.jpeg,0
Anothing_266XMRUSD.jpeg,0
Anothing_267ETHUSD.jpeg,0
Anothing_268XMRUSD.jpeg,0
Anothing_269ETHUSD.jpeg,0
Anothing_26XMRUSD.jpeg,0
Anothing_270XMRUSD.jpeg,0
Anothing_271ETHUSD.jpeg,0
Anothing_272XMRUSD.jpeg,0
Anothing_273ETHUSD.jpeg,0
Anothing_274XMRUSD.jpeg,0
Anothing_275ETHUSD.jpeg,0
Anothing_276XMRUSD.jpeg,0
Anothing_277ETHUSD.jpeg,0
Anothing_278XMRUSD.jpeg,0
Anothing_279ETHUSD.jpeg,0
Anothing_27ETHUSD.jpeg,0
Anothing_280XMRUSD.jpeg,0
Anothing_281ETHUSD.jpeg,0
Anothing_282XMRUSD.jpeg,0
Anothing_283ETHUSD.jpeg,0
Anothing_284XMRUSD.jpeg,0
Anothing_285ETHUSD.jpeg,0
Anothing_286XMRUSD.jpeg,0
Anothing_287ETHUSD.jpeg,0
Anothing_288XMRUSD.jpeg,0
Anothing_289ETHUSD.jpeg,0
Anothing_28XMRUSD.jpeg,0
Anothing_290XMRUSD.jpeg,0
Anothing_291ETHUSD.jpeg,0
Anothing_292XMRUSD.jpeg,0
Anothing_293ETHUSD.jpeg,0
Anothing_294XMRUSD.jpeg,0
Anothing_295ETHUSD.jpeg,0
Anothing_296XMRUSD.jpeg,0
Anothing_297ETHUSD.jpeg,0
Anothing_298XMRUSD.jpeg,0
Anothing_299ETHUSD.jpeg,0
Anothing_29ETHUSD.jpeg,0
Anothing_2XMRUSD.jpeg,0
Anothing_300XMRUSD.jpeg,0
Anothing_301ETHUSD.jpeg,0
Anothing_302XMRUSD.jpeg,0
Anothing_303ETHUSD.jpeg,0
Anothing_304XMRUSD.jpeg,0
Anothing_305ETHUSD.jpeg,0
Anothing_306XMRUSD.jpeg,0
Anothing_307ETHUSD.jpeg,0
Anothing_308XMRUSD.jpeg,0
Anothing_309ETHUSD.jpeg,0
Anothing_30XMRUSD.jpeg,0
Anothing_310XMRUSD.jpeg,0
Anothing_311ETHUSD.jpeg,0
Anothing_312XMRUSD.jpeg,0
Anothing_313ETHUSD.jpeg,0
Anothing_314XMRUSD.jpeg,0
Anothing_315ETHUSD.jpeg,0
Anothing_316XMRUSD.jpeg,0
Anothing_317ETHUSD.jpeg,0
Anothing_318XMRUSD.jpeg,0
Anothing_319ETHUSD.jpeg,0
Anothing_31ETHUSD.jpeg,0
Anothing_320XMRUSD.jpeg,0
Anothing_321ETHUSD.jpeg,0
Anothing_322XMRUSD.jpeg,0
Anothing_323ETHUSD.jpeg,0
Anothing_324XMRUSD.jpeg,0
Anothing_325ETHUSD.jpeg,0
Anothing_326XMRUSD.jpeg,0
Anothing_327ETHUSD.jpeg,0
Anothing_328XMRUSD.jpeg,0
Anothing_329ETHUSD.jpeg,0
Anothing_32XMRUSD.jpeg,0
Anothing_330XMRUSD.jpeg,0
Anothing_331ETHUSD.jpeg,0
Anothing_332XMRUSD.jpeg,0
Anothing_333ETHUSD.jpeg,0
Anothing_334XMRUSD.jpeg,0
Anothing_335ETHUSD.jpeg,0
Anothing_336XMRUSD.jpeg,0
Anothing_337ETHUSD.jpeg,0
Anothing_338XMRUSD.jpeg,0
Anothing_339ETHUSD.jpeg,0
Anothing_33ETHUSD.jpeg,0
Anothing_340XMRUSD.jpeg,0
Anothing_341ETHUSD.jpeg,0
Anothing_342XMRUSD.jpeg,0
Anothing_343ETHUSD.jpeg,0
Anothing_344XMRUSD.jpeg,0
Anothing_345ETHUSD.jpeg,0
Anothing_346XMRUSD.jpeg,0
Anothing_347ETHUSD.jpeg,0
Anothing_348XMRUSD.jpeg,0
Anothing_349ETHUSD.jpeg,0
Anothing_34XMRUSD.jpeg,0
Anothing_350XMRUSD.jpeg,0
Anothing_351ETHUSD.jpeg,0
Anothing_352XMRUSD.jpeg,0
Anothing_353ETHUSD.jpeg,0
Anothing_354XMRUSD.jpeg,0
Anothing_355ETHUSD.jpeg,0
Anothing_356XMRUSD.jpeg,0
Anothing_357ETHUSD.jpeg,0
Anothing_358XMRUSD.jpeg,0
Anothing_359ETHUSD.jpeg,0
Anothing_35ETHUSD.jpeg,0
Anothing_360XMRUSD.jpeg,0
Anothing_361ETHUSD.jpeg,0
Anothing_362XMRUSD.jpeg,0
Anothing_363ETHUSD.jpeg,0
Anothing_364XMRUSD.jpeg,0
Anothing_365ETHUSD.jpeg,0
Anothing_366XMRUSD.jpeg,0
Anothing_367ETHUSD.jpeg,0
Anothing_368XMRUSD.jpeg,0
Anothing_369ETHUSD.jpeg,0
Anothing_36XMRUSD.jpeg,0
Anothing_370XMRUSD.jpeg,0
Anothing_371ETHUSD.jpeg,0
Anothing_372XMRUSD.jpeg,0
Anothing_373ETHUSD.jpeg,0
Anothing_374XMRUSD.jpeg,0
Anothing_375ETHUSD.jpeg,0
Anothing_376XMRUSD.jpeg,0
Anothing_377ETHUSD.jpeg,0
Anothing_378XMRUSD.jpeg,0
Anothing_379ETHUSD.jpeg,0
Anothing_37ETHUSD.jpeg,0
Anothing_380XMRUSD.jpeg,0
Anothing_381ETHUSD.jpeg,0
Anothing_382XMRUSD.jpeg,0
Anothing_383ETHUSD.jpeg,0
Anothing_384XMRUSD.jpeg,0
Anothing_385ETHUSD.jpeg,0
Anothing_386XMRUSD.jpeg,0
Anothing_387ETHUSD.jpeg,0
Anothing_388XMRUSD.jpeg,0
Anothing_389ETHUSD.jpeg,0
Anothing_38XMRUSD.jpeg,0
Anothing_390XMRUSD.jpeg,0
Anothing_391ETHUSD.jpeg,0
Anothing_392XMRUSD.jpeg,0
Anothing_393ETHUSD.jpeg,0
Anothing_394XMRUSD.jpeg,0
Anothing_395ETHUSD.jpeg,0
Anothing_396XMRUSD.jpeg,0
Anothing_397ETHUSD.jpeg,0
Anothing_398XMRUSD.jpeg,0
Anothing_39ETHUSD.jpeg,0
Anothing_3ETHUSD.jpeg,0
Anothing_400XMRUSD.jpeg,0
Anothing_401ETHUSD.jpeg,0
Anothing_402XMRUSD.jpeg,0
Anothing_403ETHUSD.jpeg,0
Anothing_405ETHUSD.jpeg,0
Anothing_406XMRUSD.jpeg,0
Anothing_407ETHUSD.jpeg,0
Anothing_408XMRUSD.jpeg,0
Anothing_409ETHUSD.jpeg,0
Anothing_40XMRUSD.jpeg,0
Anothing_410XMRUSD.jpeg,0
Anothing_411ETHUSD.jpeg,0
Anothing_412XMRUSD.jpeg,0
Anothing_413ETHUSD.jpeg,0
Anothing_414XMRUSD.jpeg,0
Anothing_415ETHUSD.jpeg,0
Anothing_416XMRUSD.jpeg,0
Anothing_417ETHUSD.jpeg,0
Anothing_418XMRUSD.jpeg,0
Anothing_419ETHUSD.jpeg,0
Anothing_41ETHUSD.jpeg,0
Anothing_420XMRUSD.jpeg,0
Anothing_421ETHUSD.jpeg,0
Anothing_422XMRUSD.jpeg,0
Anothing_423ETHUSD.jpeg,0
Anothing_424XMRUSD.jpeg,0
Anothing_425ETHUSD.jpeg,0
Anothing_426XMRUSD.jpeg,0
Anothing_427ETHUSD.jpeg,0
Anothing_428XMRUSD.jpeg,0
Anothing_429ETHUSD.jpeg,0
Anothing_42XMRUSD.jpeg,0
Anothing_430XMRUSD.jpeg,0
Anothing_431ETHUSD.jpeg,0
Anothing_432XMRUSD.jpeg,0
Anothing_433ETHUSD.jpeg,0
Anothing_434XMRUSD.jpeg,0
Anothing_435ETHUSD.jpeg,0
Anothing_436XMRUSD.jpeg,0
Anothing_437ETHUSD.jpeg,0
Anothing_438XMRUSD.jpeg,0
Anothing_439ETHUSD.jpeg,0
Anothing_43ETHUSD.jpeg,0
Anothing_440XMRUSD.jpeg,0
Anothing_441ETHUSD.jpeg,0
Anothing_442XMRUSD.jpeg,0
Anothing_443ETHUSD.jpeg,0
Anothing_444XMRUSD.jpeg,0
Anothing_445ETHUSD.jpeg,0
Anothing_446XMRUSD.jpeg,0
Anothing_447ETHUSD.jpeg,0
Anothing_448XMRUSD.jpeg,0
Anothing_449ETHUSD.jpeg,0
Anothing_44XMRUSD.jpeg,0
Anothing_450XMRUSD.jpeg,0
Anothing_451ETHUSD.jpeg,0
Anothing_452XMRUSD.jpeg,0
Anothing_453ETHUSD.jpeg,0
Anothing_454XMRUSD.jpeg,0
Anothing_455ETHUSD.jpeg,0
Anothing_456XMRUSD.jpeg,0
Anothing_457ETHUSD.jpeg,0
Anothing_458XMRUSD.jpeg,0
Anothing_459ETHUSD.jpeg,0
Anothing_45ETHUSD.jpeg,0
Anothing_460XMRUSD.jpeg,0
Anothing_461ETHUSD.jpeg,0
Anothing_462XMRUSD.jpeg,0
Anothing_463ETHUSD.jpeg,0
Anothing_464XMRUSD.jpeg,0
Anothing_465ETHUSD.jpeg,0
Anothing_466XMRUSD.jpeg,0
Anothing_467ETHUSD.jpeg,0
Anothing_468XMRUSD.jpeg,0
Anothing_469ETHUSD.jpeg,0
Anothing_46XMRUSD.jpeg,0
Anothing_470XMRUSD.jpeg,0
Anothing_471ETHUSD.jpeg,0
Anothing_472XMRUSD.jpeg,0
Anothing_473ETHUSD.jpeg,0
Anothing_474XMRUSD.jpeg,0
Anothing_475ETHUSD.jpeg,0
Anothing_476XMRUSD.jpeg,0
Anothing_477ETHUSD.jpeg,0
Anothing_478XMRUSD.jpeg,0
Anothing_479ETHUSD.jpeg,0
Anothing_47ETHUSD.jpeg,0
Anothing_480XMRUSD.jpeg,0
Anothing_481ETHUSD.jpeg,0
Anothing_482XMRUSD.jpeg,0
Anothing_483ETHUSD.jpeg,0
Anothing_484XMRUSD.jpeg,0
Anothing_485ETHUSD.jpeg,0
Anothing_486XMRUSD.jpeg,0
Anothing_487ETHUSD.jpeg,0
Anothing_488XMRUSD.jpeg,0
Anothing_489ETHUSD.jpeg,0
Anothing_48XMRUSD.jpeg,0
Anothing_490XMRUSD.jpeg,0
Anothing_491ETHUSD.jpeg,0
Anothing_492XMRUSD.jpeg,0
Anothing_493ETHUSD.jpeg,0
Anothing_494XMRUSD.jpeg,0
Anothing_495ETHUSD.jpeg,0
Anothing_496XMRUSD.jpeg,0
Anothing_497ETHUSD.jpeg,0
Anothing_498XMRUSD.jpeg,0
Anothing_499ETHUSD.jpeg,0
Anothing_49ETHUSD.jpeg,0
Anothing_4XMRUSD.jpeg,0
Anothing_500XMRUSD.jpeg,0
Anothing_501ETHUSD.jpeg,0
Anothing_502XMRUSD.jpeg,0
Anothing_503ETHUSD.jpeg,0
Anothing_504XMRUSD.jpeg,0
Anothing_505ETHUSD.jpeg,0
Anothing_506XMRUSD.jpeg,0
Anothing_507ETHUSD.jpeg,0
Anothing_508XMRUSD.jpeg,0
Anothing_509ETHUSD.jpeg,0
Anothing_50XMRUSD.jpeg,0
Anothing_511ETHUSD.jpeg,0
Anothing_512XMRUSD.jpeg,0
Anothing_513ETHUSD.jpeg,0
Anothing_514XMRUSD.jpeg,0
Anothing_515ETHUSD.jpeg,0
Anothing_516XMRUSD.jpeg,0
Anothing_517ETHUSD.jpeg,0
Anothing_518XMRUSD.jpeg,0
Anothing_519ETHUSD.jpeg,0
Anothing_51ETHUSD.jpeg,0
Anothing_520XMRUSD.jpeg,0
Anothing_521ETHUSD.jpeg,0
Anothing_522XMRUSD.jpeg,0
Anothing_523ETHUSD.jpeg,0
Anothing_524XMRUSD.jpeg,0
Anothing_525ETHUSD.jpeg,0
Anothing_526XMRUSD.jpeg,0
Anothing_527ETHUSD.jpeg,0
Anothing_528XMRUSD.jpeg,0
Anothing_529ETHUSD.jpeg,0
Anothing_52XMRUSD.jpeg,0
Anothing_530XMRUSD.jpeg,0
Anothing_531ETHUSD.jpeg,0
Anothing_532XMRUSD.jpeg,0
Anothing_533ETHUSD.jpeg,0
Anothing_534XMRUSD.jpeg,0
Anothing_535ETHUSD.jpeg,0
Anothing_536XMRUSD.jpeg,0
Anothing_537ETHUSD.jpeg,0
Anothing_538XMRUSD.jpeg,0
Anothing_539ETHUSD.jpeg,0
Anothing_53ETHUSD.jpeg,0
Anothing_540XMRUSD.jpeg,0
Anothing_541ETHUSD.jpeg,0
Anothing_542XMRUSD.jpeg,0
Anothing_543ETHUSD.jpeg,0
Anothing_544XMRUSD.jpeg,0
Anothing_545ETHUSD.jpeg,0
Anothing_546XMRUSD.jpeg,0
Anothing_547ETHUSD.jpeg,0
Anothing_548XMRUSD.jpeg,0
Anothing_549ETHUSD.jpeg,0
Anothing_54XMRUSD.jpeg,0
Anothing_550XMRUSD.jpeg,0
Anothing_551ETHUSD.jpeg,0
Anothing_552XMRUSD.jpeg,0
Anothing_553ETHUSD.jpeg,0
Anothing_554XMRUSD.jpeg,0
Anothing_555ETHUSD.jpeg,0
Anothing_556XMRUSD.jpeg,0
Anothing_557ETHUSD.jpeg,0
Anothing_558XMRUSD.jpeg,0
Anothing_559ETHUSD.jpeg,0
Anothing_55ETHUSD.jpeg,0
Anothing_560XMRUSD.jpeg,0
Anothing_561ETHUSD.jpeg,0
Anothing_562XMRUSD.jpeg,0
Anothing_563ETHUSD.jpeg,0
Anothing_564XMRUSD.jpeg,0
Anothing_565ETHUSD.jpeg,0
Anothing_566XMRUSD.jpeg,0
Anothing_567ETHUSD.jpeg,0
Anothing_568XMRUSD.jpeg,0
Anothing_569ETHUSD.jpeg,0
Anothing_56XMRUSD.jpeg,0
Anothing_570XMRUSD.jpeg,0
Anothing_571ETHUSD.jpeg,0
Anothing_572XMRUSD.jpeg,0
Anothing_573ETHUSD.jpeg,0
Anothing_574XMRUSD.jpeg,0
Anothing_575ETHUSD.jpeg,0
Anothing_576XMRUSD.jpeg,0
Anothing_577ETHUSD.jpeg,0
Anothing_578XMRUSD.jpeg,0
Anothing_579ETHUSD.jpeg,0
Anothing_57ETHUSD.jpeg,0
Anothing_580XMRUSD.jpeg,0
Anothing_581ETHUSD.jpeg,0
Anothing_582XMRUSD.jpeg,0
Anothing_583ETHUSD.jpeg,0
Anothing_584XMRUSD.jpeg,0
Anothing_585ETHUSD.jpeg,0
Anothing_586XMRUSD.jpeg,0
Anothing_587ETHUSD.jpeg,0
Anothing_588XMRUSD.jpeg,0
Anothing_589ETHUSD.jpeg,0
Anothing_58XMRUSD.jpeg,0
Anothing_590XMRUSD.jpeg,0
Anothing_591ETHUSD.jpeg,0
Anothing_592XMRUSD.jpeg,0
Anothing_593ETHUSD.jpeg,0
Anothing_594XMRUSD.jpeg,0
Anothing_595ETHUSD.jpeg,0
Anothing_596XMRUSD.jpeg,0
Anothing_597ETHUSD.jpeg,0
Anothing_598XMRUSD.jpeg,0
Anothing_599ETHUSD.jpeg,0
Anothing_59ETHUSD.jpeg,0
Anothing_5ETHUSD.jpeg,0
Anothing_600XMRUSD.jpeg,0
Anothing_601ETHUSD.jpeg,0
Anothing_602XMRUSD.jpeg,0
Anothing_603ETHUSD.jpeg,0
Anothing_604XMRUSD.jpeg,0
Anothing_605ETHUSD.jpeg,0
Anothing_606XMRUSD.jpeg,0
Anothing_607ETHUSD.jpeg,0
Anothing_608XMRUSD.jpeg,0
Anothing_609ETHUSD.jpeg,0
Anothing_60XMRUSD.jpeg,0
Anothing_610XMRUSD.jpeg,0
Anothing_611ETHUSD.jpeg,0
Anothing_612XMRUSD.jpeg,0
Anothing_613ETHUSD.jpeg,0
Anothing_614XMRUSD.jpeg,0
Anothing_615ETHUSD.jpeg,0
Anothing_616XMRUSD.jpeg,0
Anothing_617ETHUSD.jpeg,0
Anothing_618XMRUSD.jpeg,0
Anothing_619ETHUSD.jpeg,0
Anothing_61ETHUSD.jpeg,0
Anothing_620XMRUSD.jpeg,0
Anothing_621ETHUSD.jpeg,0
Anothing_622XMRUSD.jpeg,0
Anothing_623ETHUSD.jpeg,0
Anothing_624XMRUSD.jpeg,0
Anothing_625ETHUSD.jpeg,0
Anothing_626XMRUSD.jpeg,0
Anothing_627ETHUSD.jpeg,0
Anothing_629ETHUSD.jpeg,0
Anothing_62XMRUSD.jpeg,0
Anothing_631ETHUSD.jpeg,0
Anothing_633ETHUSD.jpeg,0
Anothing_635ETHUSD.jpeg,0
Anothing_637ETHUSD.jpeg,0
Anothing_638XMRUSD.jpeg,0
Anothing_639ETHUSD.jpeg,0
Anothing_63ETHUSD.jpeg,0
Anothing_640XMRUSD.jpeg,0
Anothing_641ETHUSD.jpeg,0
Anothing_642XMRUSD.jpeg,0
Anothing_643ETHUSD.jpeg,0
Anothing_644XMRUSD.jpeg,0
Anothing_645ETHUSD.jpeg,0
Anothing_646XMRUSD.jpeg,0
Anothing_647ETHUSD.jpeg,0
Anothing_648XMRUSD.jpeg,0
Anothing_649ETHUSD.jpeg,0
Anothing_64XMRUSD.jpeg,0
Anothing_650XMRUSD.jpeg,0
Anothing_651ETHUSD.jpeg,0
Anothing_652XMRUSD.jpeg,0
Anothing_653ETHUSD.jpeg,0
Anothing_654XMRUSD.jpeg,0
Anothing_655ETHUSD.jpeg,0
Anothing_656XMRUSD.jpeg,0
Anothing_657ETHUSD.jpeg,0
Anothing_658XMRUSD.jpeg,0
Anothing_659ETHUSD.jpeg,0
Anothing_65ETHUSD.jpeg,0
Anothing_660XMRUSD.jpeg,0
Anothing_661ETHUSD.jpeg,0
Anothing_662XMRUSD.jpeg,0
Anothing_663ETHUSD.jpeg,0
Anothing_664XMRUSD.jpeg,0
Anothing_665ETHUSD.jpeg,0
Anothing_666XMRUSD.jpeg,0
Anothing_667ETHUSD.jpeg,0
Anothing_668XMRUSD.jpeg,0
Anothing_669ETHUSD.jpeg,0
Anothing_66XMRUSD.jpeg,0
Anothing_670XMRUSD.jpeg,0
Anothing_671ETHUSD.jpeg,0
Anothing_672XMRUSD.jpeg,0
Anothing_673ETHUSD.jpeg,0
Anothing_674XMRUSD.jpeg,0
Anothing_675ETHUSD.jpeg,0
Anothing_676XMRUSD.jpeg,0
Anothing_677ETHUSD.jpeg,0
Anothing_679ETHUSD.jpeg,0
Anothing_67ETHUSD.jpeg,0
Anothing_681ETHUSD.jpeg,0
Anothing_682XMRUSD.jpeg,0
Anothing_683ETHUSD.jpeg,0
Anothing_685ETHUSD.jpeg,0
Anothing_686XMRUSD.jpeg,0
Anothing_687ETHUSD.jpeg,0
Anothing_688XMRUSD.jpeg,0
Anothing_689ETHUSD.jpeg,0
Anothing_68XMRUSD.jpeg,0
Anothing_690XMRUSD.jpeg,0
Anothing_691ETHUSD.jpeg,0
Anothing_692XMRUSD.jpeg,0
Anothing_693ETHUSD.jpeg,0
Anothing_694XMRUSD.jpeg,0
Anothing_695ETHUSD.jpeg,0
Anothing_696XMRUSD.jpeg,0
Anothing_697ETHUSD.jpeg,0
Anothing_698XMRUSD.jpeg,0
Anothing_699ETHUSD.jpeg,0
Anothing_69ETHUSD.jpeg,0
Anothing_6XMRUSD.jpeg,0
Anothing_700XMRUSD.jpeg,0
Anothing_701ETHUSD.jpeg,0
Anothing_702XMRUSD.jpeg,0
Anothing_703ETHUSD.jpeg,0
Anothing_704XMRUSD.jpeg,0
Anothing_705ETHUSD.jpeg,0
Anothing_706XMRUSD.jpeg,0
Anothing_707ETHUSD.jpeg,0
Anothing_708XMRUSD.jpeg,0
Anothing_709ETHUSD.jpeg,0
Anothing_70XMRUSD.jpeg,0
Anothing_710XMRUSD.jpeg,0
Anothing_711ETHUSD.jpeg,0
Anothing_712XMRUSD.jpeg,0
Anothing_713ETHUSD.jpeg,0
Anothing_714XMRUSD.jpeg,0
Anothing_715ETHUSD.jpeg,0
Anothing_716XMRUSD.jpeg,0
Anothing_717ETHUSD.jpeg,0
Anothing_718XMRUSD.jpeg,0
Anothing_719ETHUSD.jpeg,0
Anothing_71ETHUSD.jpeg,0
Anothing_720XMRUSD.jpeg,0
Anothing_721ETHUSD.jpeg,0
Anothing_722XMRUSD.jpeg,0
Anothing_723ETHUSD.jpeg,0
Anothing_724XMRUSD.jpeg,0
Anothing_725ETHUSD.jpeg,0
Anothing_726XMRUSD.jpeg,0
Anothing_727ETHUSD.jpeg,0
Anothing_728XMRUSD.jpeg,0
Anothing_729ETHUSD.jpeg,0
Anothing_72XMRUSD.jpeg,0
Anothing_730XMRUSD.jpeg,0
Anothing_731ETHUSD.jpeg,0
Anothing_732XMRUSD.jpeg,0
Anothing_733ETHUSD.jpeg,0
Anothing_734XMRUSD.jpeg,0
Anothing_735ETHUSD.jpeg,0
Anothing_736XMRUSD.jpeg,0
Anothing_737ETHUSD.jpeg,0
Anothing_738XMRUSD.jpeg,0
Anothing_739ETHUSD.jpeg,0
Anothing_73ETHUSD.jpeg,0
Anothing_740XMRUSD.jpeg,0
Anothing_741ETHUSD.jpeg,0
Anothing_742XMRUSD.jpeg,0
Anothing_743ETHUSD.jpeg,0
Anothing_744XMRUSD.jpeg,0
Anothing_745ETHUSD.jpeg,0
Anothing_746XMRUSD.jpeg,0
Anothing_747ETHUSD.jpeg,0
Anothing_748XMRUSD.jpeg,0
Anothing_749ETHUSD.jpeg,0
Anothing_74XMRUSD.jpeg,0
Anothing_750XMRUSD.jpeg,0
Anothing_751ETHUSD.jpeg,0
Anothing_752XMRUSD.jpeg,0
Anothing_753ETHUSD.jpeg,0
Anothing_754XMRUSD.jpeg,0
Anothing_755ETHUSD.jpeg,0
Anothing_756XMRUSD.jpeg,0
Anothing_757ETHUSD.jpeg,0
Anothing_758XMRUSD.jpeg,0
Anothing_75ETHUSD.jpeg,0
Anothing_760XMRUSD.jpeg,0
Anothing_761ETHUSD.jpeg,0
Anothing_762XMRUSD.jpeg,0
Anothing_763ETHUSD.jpeg,0
Anothing_764XMRUSD.jpeg,0
Anothing_765ETHUSD.jpeg,0
Anothing_766XMRUSD.jpeg,0
Anothing_767ETHUSD.jpeg,0
Anothing_768XMRUSD.jpeg,0
Anothing_769ETHUSD.jpeg,0
Anothing_76XMRUSD.jpeg,0
Anothing_770XMRUSD.jpeg,0
Anothing_771ETHUSD.jpeg,0
Anothing_772XMRUSD.jpeg,0
Anothing_773ETHUSD.jpeg,0
Anothing_774XMRUSD.jpeg,0
Anothing_775ETHUSD.jpeg,0
Anothing_776XMRUSD.jpeg,0
Anothing_777ETHUSD.jpeg,0
Anothing_778XMRUSD.jpeg,0
Anothing_779ETHUSD.jpeg,0
Anothing_77ETHUSD.jpeg,0
Anothing_780XMRUSD.jpeg,0
Anothing_781ETHUSD.jpeg,0
Anothing_782XMRUSD.jpeg,0
Anothing_783ETHUSD.jpeg,0
Anothing_784XMRUSD.jpeg,0
Anothing_785ETHUSD.jpeg,0
Anothing_786XMRUSD.jpeg,0
Anothing_787ETHUSD.jpeg,0
Anothing_788XMRUSD.jpeg,0
Anothing_789ETHUSD.jpeg,0
Anothing_78XMRUSD.jpeg,0
Anothing_790XMRUSD.jpeg,0
Anothing_791ETHUSD.jpeg,0
Anothing_792XMRUSD.jpeg,0
Anothing_793ETHUSD.jpeg,0
Anothing_793XMRUSD.jpeg,0
Anothing_794ETHUSD.jpeg,0
Anothing_795XMRUSD.jpeg,0
Anothing_796ETHUSD.jpeg,0
Anothing_797XMRUSD.jpeg,0
Anothing_798ETHUSD.jpeg,0
Anothing_799XMRUSD.jpeg,0
Anothing_79ETHUSD.jpeg,0
Anothing_7ETHUSD.jpeg,0
Anothing_800ETHUSD.jpeg,0
Anothing_81ETHUSD.jpeg,0
Anothing_83ETHUSD.jpeg,0
Anothing_85ETHUSD.jpeg,0
Anothing_87ETHUSD.jpeg,0
Anothing_89ETHUSD.jpeg,0
Anothing_8XMRUSD.jpeg,0
Anothing_91ETHUSD.jpeg,0
Anothing_92XMRUSD.jpeg,0
Anothing_93ETHUSD.jpeg,0
Anothing_94XMRUSD.jpeg,0
Anothing_95ETHUSD.jpeg,0
Anothing_96XMRUSD.jpeg,0
Anothing_97ETHUSD.jpeg,0
Anothing_98XMRUSD.jpeg,0
Anothing_99ETHUSD.jpeg,0
Anothing_9ETHUSD.jpeg,0
10.jpeg,1
104.jpeg,1
1289XMRUSD.jpeg,1
1291XMRUSD.jpeg,1
1293XMRUSD.jpeg,1
1295XMRUSD.jpeg,1
1297XMRUSD.jpeg,1
1299XMRUSD.jpeg,1
136.jpeg,1
14.jpeg,1
1439XMRUSD.jpeg,1
1441XMRUSD.jpeg,1
1443XMRUSD.jpeg,1
1445XMRUSD.jpeg,1
154.jpeg,1
1729XMRUSD.jpeg,1
1731XMRUSD.jpeg,1
1733XMRUSD.jpeg,1
1747XMRUSD.jpeg,1
1749XMRUSD.jpeg,1
1755XMRUSD.jpeg,1
1835XMRUSD.jpeg,0
20.jpeg,1
2189XMRUSD.jpeg,1
2191XMRUSD.jpeg,1
2193XMRUSD.jpeg,1
2195XMRUSD.jpeg,1
2197XMRUSD.jpeg,1
2199XMRUSD.jpeg,1
26.jpeg,1
268.jpeg,1
368.jpeg,1
415.jpeg,1
42.jpeg,1
491.jpeg,1
5.jpeg,1
615.jpeg,1
72.jpeg,1
797XMRUSD.jpeg,1
799XMRUSD.jpeg,1
801XMRUSD.jpeg,1
803XMRUSD.jpeg,1
830XMRUSD.jpeg,1
832XMRUSD.jpeg,1
834XMRUSD.jpeg,1
836XMRUSD.jpeg,1
838XMRUSD.jpeg,1
84.jpeg,1
842XMRUSD.jpeg,1
844XMRUSD.jpeg,1
846XMRUSD.jpeg,1
848XMRUSD.jpeg,1
862XMRUSD.jpeg,1
874XMRUSD.jpeg,1
876XMRUSD.jpeg,1
878XMRUSD.jpeg,1
880XMRUSD.jpeg,1
882XMRUSD.jpeg,1
884XMRUSD.jpeg,1
Abuy_628XMRUSD.jpeg,1
Abuy_630XMRUSD.jpeg,1
Abuy_632XMRUSD.jpeg,1
Abuy_634XMRUSD.jpeg,1
Abuy_636XMRUSD.jpeg,1
Anothing_399ETHUSD.jpeg,1
Anothing_404XMRUSD.jpeg,1
Anothing_510XMRUSD.jpeg,1
Anothing_678XMRUSD.jpeg,1
Anothing_680XMRUSD.jpeg,1
Anothing_684XMRUSD.jpeg,1
Anothing_759ETHUSD.jpeg,1
1110ETHUSD.jpeg,2
1112ETHUSD.jpeg,2
1114ETHUSD.jpeg,2
1116ETHUSD.jpeg,2
1118ETHUSD.jpeg,2
1120ETHUSD.jpeg,2
1124ETHUSD.jpeg,2
1126ETHUSD.jpeg,2
1128ETHUSD.jpeg,2
1130ETHUSD.jpeg,2
1132ETHUSD.jpeg,2
1134ETHUSD.jpeg,2
1136ETHUSD.jpeg,2
1138ETHUSD.jpeg,2
1140ETHUSD.jpeg,2
1142ETHUSD.jpeg,2
1156ETHUSD.jpeg,2
1158ETHUSD.jpeg,2
1160ETHUSD.jpeg,2
1162ETHUSD.jpeg,2
1164ETHUSD.jpeg,2
1166ETHUSD.jpeg,2
1168ETHUSD.jpeg,2
1170ETHUSD.jpeg,2
1172ETHUSD.jpeg,2
1174ETHUSD.jpeg,2
1176ETHUSD.jpeg,2
1178ETHUSD.jpeg,2
1180ETHUSD.jpeg,2
1182ETHUSD.jpeg,2
1184ETHUSD.jpeg,2
1186ETHUSD.jpeg,2
1188ETHUSD.jpeg,2
1189XMRUSD.jpeg,2
1190ETHUSD.jpeg,2
1191XMRUSD.jpeg,2
1192ETHUSD.jpeg,2
1193XMRUSD.jpeg,2
1194ETHUSD.jpeg,2
1196ETHUSD.jpeg,2
1198ETHUSD.jpeg,2
1227XMRUSD.jpeg,2
1229XMRUSD.jpeg,2
1231XMRUSD.jpeg,2
1233XMRUSD.jpeg,2
1235XMRUSD.jpeg,2
1237XMRUSD.jpeg,2
1246ETHUSD.jpeg,2
1248ETHUSD.jpeg,2
1250ETHUSD.jpeg,2
1252ETHUSD.jpeg,2
1254ETHUSD.jpeg,2
1256ETHUSD.jpeg,2
1415XMRUSD.jpeg,2
1417XMRUSD.jpeg,2
1419XMRUSD.jpeg,2
1421XMRUSD.jpeg,2
1423XMRUSD.jpeg,2
1424ETHUSD.jpeg,2
1426ETHUSD.jpeg,2
1428ETHUSD.jpeg,2
1430ETHUSD.jpeg,2
1432ETHUSD.jpeg,2
1434ETHUSD.jpeg,2
1436ETHUSD.jpeg,2
1438ETHUSD.jpeg,2
1440ETHUSD.jpeg,2
1442ETHUSD.jpeg,2
1444ETHUSD.jpeg,2
1446ETHUSD.jpeg,2
1575ETHUSD.jpeg,2
1583ETHUSD.jpeg,2
1585ETHUSD.jpeg,2
1586XMRUSD.jpeg,2
1588XMRUSD.jpeg,2
1590XMRUSD.jpeg,2
1592XMRUSD.jpeg,2
1594XMRUSD.jpeg,2
1596XMRUSD.jpeg,2
1608XMRUSD.jpeg,2
1609ETHUSD.jpeg,2
1610XMRUSD.jpeg,2
1611ETHUSD.jpeg,2
1612XMRUSD.jpeg,2
1613ETHUSD.jpeg,2
1614XMRUSD.jpeg,2
1616XMRUSD.jpeg,2
1618XMRUSD.jpeg,2
1620XMRUSD.jpeg,2
1622XMRUSD.jpeg,2
1624XMRUSD.jpeg,2
1626XMRUSD.jpeg,2
1628XMRUSD.jpeg,2
1630XMRUSD.jpeg,2
1642XMRUSD.jpeg,2
1644XMRUSD.jpeg,2
1646XMRUSD.jpeg,2
1648XMRUSD.jpeg,2
1650XMRUSD.jpeg,2
1652XMRUSD.jpeg,2
1657ETHUSD.jpeg,2
1659ETHUSD.jpeg,2
1661ETHUSD.jpeg,2
1688XMRUSD.jpeg,2
1690XMRUSD.jpeg,2
1692XMRUSD.jpeg,2
1712ETHUSD.jpeg,2
1714ETHUSD.jpeg,2
1716ETHUSD.jpeg,2
1738ETHUSD.jpeg,2
1740ETHUSD.jpeg,2
1748ETHUSD.jpeg,2
1750ETHUSD.jpeg,2
1752ETHUSD.jpeg,2
1754ETHUSD.jpeg,2
1756ETHUSD.jpeg,2
1781XMRUSD.jpeg,2
1786ETHUSD.jpeg,2
181.jpeg,2
1830ETHUSD.jpeg,2
1832ETHUSD.jpeg,2
1834ETHUSD.jpeg,2
1835XMRUSD.jpeg,2
1837XMRUSD.jpeg,2
1839XMRUSD.jpeg,2
1840ETHUSD.jpeg,2
1842ETHUSD.jpeg,2
1844ETHUSD.jpeg,2
1943ETHUSD.jpeg,2
1945ETHUSD.jpeg,2
1947ETHUSD.jpeg,2
1949ETHUSD.jpeg,2
1951ETHUSD.jpeg,2
1953ETHUSD.jpeg,2
1955ETHUSD.jpeg,2
1957ETHUSD.jpeg,2
1959ETHUSD.jpeg,2
1992XMRUSD.jpeg,2
2007XMRUSD.jpeg,2
203.jpeg,2
2065XMRUSD.jpeg,2
2066ETHUSD.jpeg,2
2067XMRUSD.jpeg,2
2068ETHUSD.jpeg,2
2070ETHUSD.jpeg,2
2072ETHUSD.jpeg,2
2074ETHUSD.jpeg,2
2076ETHUSD.jpeg,2
2078ETHUSD.jpeg,2
2080ETHUSD.jpeg,2
2082ETHUSD.jpeg,2
2084ETHUSD.jpeg,2
2086ETHUSD.jpeg,2
2100ETHUSD.jpeg,2
2102ETHUSD.jpeg,2
2104ETHUSD.jpeg,2
2106ETHUSD.jpeg,2
2170ETHUSD.jpeg,2
2178ETHUSD.jpeg,2
227.jpeg,2
230.jpeg,2
277.jpeg,2
331.jpeg,2
418.jpeg,2
47.jpeg,2
592.jpeg,2
598.jpeg,2
609.jpeg,2
619.jpeg,2
7.jpeg,2
811ETHUSD.jpeg,2
813ETHUSD.jpeg,2
989XMRUSD.jpeg,2
993XMRUSD.jpeg,2
995XMRUSD.jpeg,2
Asell_80XMRUSD.jpeg,2
Asell_82XMRUSD.jpeg,2
Asell_84XMRUSD.jpeg,2
Asell_86XMRUSD.jpeg,2
Asell_88XMRUSD.jpeg,2
Asell_90XMRUSD.jpeg,2
